timestamp,time_elapsed_days,Humidity (%),Wind Speed (m/s),Wind Direction (Degrees from True North),Rain Accumulation (cm),Wind Speed (km/day)
2025-05-01 00:00:00,0,73.8,0.6,49,0.117,51.84
2025-05-01 00:00:01,1.0398E-05,73.8,0.6,49,0.117,51.84
2025-05-01 00:30:01,0.02084234,72.7,0.8,41,0.117,69.12
2025-05-01 01:00:01,0.041674642,70.8,0.8,71,0.117,69.12
2025-05-01 01:30:01,0.062505793,67.6,0.6,49,0.117,51.84
2025-05-01 02:00:00,0.083336935,63.7,1.2,66,0.117,103.68
2025-05-01 02:30:00,0.104168256,63.4,0.8,89,0.117,69.12
2025-05-01 02:30:01,0.104177794,63.4,0.8,89,0.117,69.12
2025-05-01 03:00:01,0.125008578,64.6,0.8,76,0.117,69.12
2025-05-01 03:30:01,0.145840006,64.4,0.7,55,0.117,60.48
2025-05-01 04:00:00,0.166671525,64.2,0.8,57,0.117,69.12
2025-05-01 04:30:00,0.187503784,70.1,1.2,67,0.117,103.68
2025-05-01 05:00:00,0.208334773,80.4,0.2,270,0.127,17.28
2025-05-01 05:00:01,0.208344522,80.4,0.2,270,0.127,17.28
2025-05-01 05:30:01,0.229175063,82.1,0.6,74,0.127,51.84
2025-05-01 06:00:00,0.25000546,83.6,0.8,57,0.127,69.12
2025-05-01 06:30:00,0.270836552,86.1,0.1,233,0.15,8.64
2025-05-01 07:00:00,0.291667649,85.9,0.7,54,0.161,60.48
2025-05-01 07:00:01,0.291677085,85.9,0.7,54,0.161,60.48
2025-05-01 07:30:01,0.312509332,95.4,0.3,296,1.452,25.92
2025-05-01 08:00:01,0.333339875,97,0.8,292,1.566,69.12
2025-05-01 08:30:00,0.354170739,97,1,80,1.568,86.4
2025-05-01 09:00:00,0.37500295,96.9,1.8,59,1.626,155.52
2025-05-01 09:30:00,0.395834328,94.7,0.9,95,1.626,77.76
2025-05-01 09:30:01,0.39584451,94.7,0.9,95,1.626,77.76
2025-05-01 10:00:01,0.416674782,95,1,82,1.626,86.4
2025-05-01 10:30:01,0.437505774,96.1,0.5,76,1.645,43.2
2025-05-01 11:00:00,0.458337089,97.2,0.7,332,1.717,60.48
2025-05-01 11:30:00,0.479168414,98.3,0.8,34,1.77,69.12
2025-05-01 11:30:01,0.479177905,98.3,0.8,34,1.77,69.12
2025-05-01 12:00:01,0.500008235,99.6,1.3,111,1.828,112.32
2025-05-01 12:30:00,0.520838829,97.4,0.5,185,1.828,43.2
2025-05-01 13:00:00,0.541669701,97.6,0.8,176,1.828,69.12
2025-05-01 13:30:00,0.562501446,95.1,1.7,181,1.828,146.88
2025-05-01 14:00:00,0.583333772,94,1.7,197,1.828,146.88
2025-05-01 14:00:01,0.583343039,94,1.7,197,1.828,146.88
2025-05-01 14:30:01,0.604174236,90.7,0.3,72,1.828,25.92
2025-05-01 15:00:00,0.625005237,89,2.1,199,1.828,181.44
2025-05-01 15:30:00,0.645836577,88.1,1.3,187,1.831,112.32
2025-05-01 16:00:00,0.666667519,94,1.6,231,1.834,138.24
2025-05-01 16:30:00,0.687502958,85.5,2.6,194,1.834,224.64
2025-05-01 17:00:00,0.708334071,74.3,0.9,209,1.834,77.76
2025-05-01 17:00:01,0.708343718,74.3,0.9,209,1.834,77.76
2025-05-01 17:30:01,0.72917632,68,1.4,221,1.834,120.96
2025-05-01 18:00:01,0.750007938,76.5,3.5,269,1.861,302.4
2025-05-01 18:30:01,0.770839089,74.5,4.3,279,1.861,371.52
2025-05-01 19:00:00,0.791670091,73,1.6,214,1.861,138.24
2025-05-01 19:30:00,0.812501471,75.4,4.2,230,1.861,362.88
2025-05-01 19:30:01,0.812511069,75.4,4.2,230,1.861,362.88
2025-05-01 20:00:01,0.83334252,68.4,2.9,210,1.861,250.56
2025-05-01 20:30:01,0.854173325,69.5,4.2,232,1.861,362.88
2025-05-01 21:00:00,0.87500455,68.5,1.5,269,1.861,129.6
2025-05-01 21:30:00,0.895837688,68.4,2.5,271,1.861,216
2025-05-01 22:00:01,0.916674913,68.2,2.3,222,1.861,198.72
2025-05-01 22:30:01,0.937507179,70,2.3,290,1.861,198.72
2025-05-01 23:00:01,0.958340442,72.7,2.1,246,1.861,181.44
2025-05-01 23:30:00,0.979171748,73.6,2.5,273,1.861,216
2025-05-02 00:00:00,1.000003285,75.8,3.3,279,1.861,285.12
2025-05-02 00:30:00,1.02083436,77.1,2.6,258,1.861,224.64
2025-05-02 00:30:01,1.020843816,77.1,2.6,258,1.861,224.64
2025-05-02 01:00:01,1.041675771,76.2,1.8,290,1.861,155.52
2025-05-02 01:30:01,1.062506781,74,2,277,1.861,172.8
2025-05-02 02:00:00,1.083338107,71.9,1.3,211,1.861,112.32
2025-05-02 02:30:00,1.104168446,71.3,1.1,347,1.861,95.04
2025-05-02 02:30:01,1.104177726,71.3,1.1,347,1.861,95.04
2025-05-02 03:00:01,1.1250091,74.3,0.9,257,1.861,77.76
2025-05-02 03:30:01,1.145840238,76.3,1.8,247,1.861,155.52
2025-05-02 04:00:00,1.166671342,77.8,1.9,271,1.861,164.16
2025-05-02 04:30:00,1.187502509,80.9,0.5,306,1.861,43.2
2025-05-02 05:00:00,1.208334837,83,1.6,261,1.861,138.24
2025-05-02 05:30:00,1.2291668,83.1,1.2,244,1.861,103.68
2025-05-02 05:30:01,1.22917624,83.1,1.2,244,1.861,103.68
2025-05-02 06:00:01,1.250007569,82.9,0.3,283,1.861,25.92
2025-05-02 06:30:00,1.270838627,84.4,0.6,253,1.861,51.84
2025-05-02 07:00:00,1.291670316,87.6,0.2,238,1.861,17.28
2025-05-02 07:30:00,1.312501326,88.8,0.4,272,1.861,34.56
2025-05-02 07:30:01,1.312511187,88.8,0.4,270,1.861,34.56
2025-05-02 08:00:01,1.33334197,86.9,0.1,276,1.861,8.64
2025-05-02 08:30:01,1.354172974,85.7,0.3,59,1.861,25.92
2025-05-02 09:00:00,1.375004106,86.8,0.4,307,1.861,34.56
2025-05-02 09:30:00,1.395835217,89.2,0.3,34,1.861,25.92
2025-05-02 10:00:00,1.41666653,90.1,1.7,31,1.861,146.88
2025-05-02 10:00:01,1.416675983,90.1,1.7,30,1.861,146.88
2025-05-02 10:30:01,1.437509109,92.4,1.7,58,1.861,146.88
2025-05-02 11:00:01,1.458341159,94,2.3,70,1.861,198.72
2025-05-02 11:30:01,1.479172474,95.6,2,75,1.871,172.8
2025-05-02 12:00:00,1.500003518,96.7,0.7,122,1.871,60.48
2025-05-02 12:30:00,1.520835598,94.8,1.5,66,1.871,129.6
2025-05-02 13:00:00,1.541668293,94.2,0.6,5,1.871,51.84
2025-05-02 13:30:00,1.562500006,93.5,1,43,1.871,86.4
2025-05-02 14:00:00,1.583336854,94,1.7,40,1.871,146.88
2025-05-02 14:30:01,1.604174083,91.7,0.5,16,1.871,43.2
2025-05-02 15:00:01,1.625007047,89,1.2,37,1.871,103.68
2025-05-02 15:30:00,1.645838685,84.9,2.3,75,1.871,198.72
2025-05-02 16:00:00,1.666670597,80.1,1,58,1.871,86.4
2025-05-02 16:30:00,1.687501716,78.3,0.8,81,1.871,69.12
2025-05-02 17:00:00,1.708334015,75.3,1.6,51,1.871,138.24
2025-05-02 17:30:00,1.729167996,74.6,0.8,52,1.871,69.12
2025-05-02 17:30:01,1.729177611,74.6,0.7,68,1.871,60.48
2025-05-02 18:00:01,1.750009868,72.6,1,0,1.871,86.4
2025-05-02 18:30:01,1.770841265,71.4,0.9,17,1.871,77.76
2025-05-02 19:00:01,1.79167235,68.9,2.3,74,1.871,198.72
2025-05-02 19:30:01,1.812505796,71.1,1.9,27,1.871,164.16
2025-05-02 20:00:01,1.833339498,67.1,1.1,92,1.871,95.04
2025-05-02 20:30:00,1.854170804,67.5,0.8,34,1.871,69.12
2025-05-02 21:00:00,1.875002527,70.7,0.5,41,1.871,43.2
2025-05-02 21:30:00,1.895834804,72,1.4,90,1.871,120.96
2025-05-02 21:30:01,1.895844607,72,1.5,85,1.871,129.6
2025-05-02 22:00:01,1.916675917,71.4,0.8,110,1.871,69.12
2025-05-02 23:00:00,1.958333471,75.9,1.2,107,1.871,103.68
2025-05-02 23:30:00,1.979169264,74.6,0.8,30,1.871,69.12
2025-05-03 00:00:00,2.000001054,76.3,0.8,34,1.871,69.12
2025-05-03 00:30:00,2.020833257,76.2,0.4,55,1.871,34.56
2025-05-03 00:30:01,2.02084381,76.2,0.6,55,1.871,51.84
2025-05-03 01:00:01,2.041676024,79,0.6,353,1.871,51.84
2025-05-03 01:30:01,2.062508221,78.8,0.2,13,1.871,17.28
2025-05-03 02:00:01,2.083339443,78,0.8,302,1.871,69.12
2025-05-03 02:30:00,2.104170351,78.4,1.8,33,1.871,155.52
2025-05-03 03:00:00,2.125002683,77.8,0.3,17,1.871,25.92
2025-05-03 03:30:00,2.145834457,75.1,0.3,4,1.871,25.92
2025-05-03 04:00:00,2.166666903,76.4,1.2,52,1.871,103.68
2025-05-03 04:00:01,2.166677487,76.4,1.3,51,1.871,112.32
2025-05-03 04:30:01,2.187508994,84,0.3,11,1.909,25.92
2025-05-03 05:00:01,2.208341719,81.9,1.1,66,1.909,95.04
2025-05-03 05:30:01,2.229173534,82,0.7,58,1.909,60.48
2025-05-03 06:00:00,2.250005474,79.5,1,43,1.909,86.4
2025-05-03 06:30:00,2.27083736,77.6,0.8,40,1.909,69.12
2025-05-03 07:00:00,2.291670227,79.2,0.9,60,1.909,77.76
2025-05-03 07:30:00,2.312503301,78.3,0.6,46,1.909,51.84
2025-05-03 08:00:00,2.3333342,77.2,0.8,32,1.909,69.12
2025-05-03 08:30:00,2.354166588,78.8,1.1,42,1.909,95.04
2025-05-03 08:30:01,2.354177175,78.8,1,43,1.909,86.4
2025-05-03 09:00:01,2.375010175,79.9,0.5,24,1.909,43.2
2025-05-03 09:30:01,2.395843306,81.7,0.2,126,1.909,17.28
2025-05-03 10:00:01,2.41667521,82.2,1.1,51,1.909,95.04
2025-05-03 10:30:01,2.437508673,84.3,0.8,0,1.909,69.12
2025-05-03 11:00:01,2.458341403,86.3,0.9,32,1.909,77.76
2025-05-03 11:30:01,2.479173693,87,0.5,39,1.909,43.2
2025-05-03 12:00:00,2.500004835,86.9,1,34,1.909,86.4
2025-05-03 12:30:01,2.52083887,85.9,0.4,347,1.909,34.56
2025-05-03 13:00:00,2.541671567,85.6,1.3,34,1.909,112.32
2025-05-03 13:30:00,2.562503427,83.6,1.1,31,1.909,95.04
2025-05-03 14:00:00,2.583335688,81.7,1.9,61,1.909,164.16
2025-05-03 14:30:00,2.604167278,83.6,0.9,56,1.909,77.76
2025-05-03 14:30:01,2.604177284,83.6,1.1,53,1.909,95.04
2025-05-03 15:00:01,2.625009266,74.9,1.1,58,1.909,95.04
2025-05-03 15:30:01,2.645839963,76.7,1.1,24,1.909,95.04
2025-05-03 16:00:00,2.666671262,74.3,3,40,1.909,259.2
2025-05-03 16:30:00,2.687503542,72.7,1.8,111,1.909,155.52
2025-05-03 17:00:00,2.708335654,74.6,2.2,44,1.909,190.08
2025-05-03 17:30:00,2.72916649,74.2,2.8,52,1.909,241.92
2025-05-03 17:30:01,2.729176485,74.2,2.9,51,1.909,250.56
2025-05-03 18:00:01,2.750007618,75.2,2.1,42,1.909,181.44
2025-05-03 18:30:01,2.770839714,74,0.8,95,1.909,69.12
2025-05-03 19:00:00,2.791671812,78,2.3,5,1.909,198.72
2025-05-03 19:30:00,2.812502929,74.1,2,25,1.909,172.8
2025-05-03 20:00:00,2.833334756,76.9,1.7,37,1.909,146.88
2025-05-03 20:30:00,2.854167013,71.7,2.3,31,1.909,198.72
2025-05-03 20:30:01,2.85417702,71.7,2.1,27,1.909,181.44
2025-05-03 21:00:01,2.875008356,73.8,2.7,56,1.909,233.28
2025-05-03 21:30:01,2.895839096,68.6,0.4,46,1.909,34.56
2025-05-03 22:00:00,2.916670514,69.9,1.8,41,1.909,155.52
2025-05-03 22:30:00,2.937502635,70.3,1.6,44,1.909,138.24
2025-05-03 23:00:00,2.958334498,68.7,2,34,1.909,172.8
2025-05-03 23:30:00,2.979172097,72,1.9,51,1.909,164.16
2025-05-04 00:00:00,3.000004534,71,0.9,29,1.909,77.76
2025-05-04 00:30:00,3.020835873,74,0.6,351,1.909,51.84
2025-05-04 01:00:00,3.041666603,78.6,1.4,33,1.909,120.96
2025-05-04 01:00:01,3.041676414,78.6,1.3,33,1.909,112.32
2025-05-04 01:30:01,3.062507571,79.9,1.6,13,1.909,138.24
2025-05-04 02:00:01,3.083340611,79.5,1.3,42,1.909,112.32
2025-05-04 02:30:01,3.104173375,80.1,1,29,1.909,86.4
2025-05-04 03:00:01,3.125005797,79.1,0.8,15,1.909,69.12
2025-05-04 03:30:00,3.145838802,77.5,2.1,34,1.909,181.44
2025-05-04 04:00:00,3.166671824,77.8,1,38,1.909,86.4
2025-05-04 04:30:00,3.187504165,78.1,1.1,89,1.909,95.04
2025-05-04 05:00:00,3.208335098,79.4,0.6,346,1.909,51.84
2025-05-04 05:30:00,3.229168399,78.2,0.5,357,1.909,43.2
2025-05-04 06:00:00,3.250001256,78.1,1,22,1.909,86.4
2025-05-04 06:30:00,3.270833216,77.1,1.1,54,1.909,95.04
2025-05-04 06:30:01,3.270843973,77.1,1.1,54,1.909,95.04
2025-05-04 07:00:01,3.291675369,77,0.9,11,1.909,77.76
2025-05-04 07:30:01,3.312506434,76.3,2,27,1.909,172.8
2025-05-04 08:00:01,3.333339548,76.6,1.4,45,1.909,120.96
2025-05-04 08:30:00,3.354170609,77.5,1.2,24,1.909,103.68
2025-05-04 09:00:00,3.375002141,81.1,0.5,49,1.909,43.2
2025-05-04 09:30:00,3.395834702,83.6,0.5,14,1.909,43.2
2025-05-04 09:30:01,3.395844539,83.6,0.5,18,1.909,43.2
2025-05-04 10:00:01,3.416675821,86,1.4,17,1.909,120.96
2025-05-04 10:30:01,3.437507649,87.2,0.6,343,1.909,51.84
2025-05-04 11:00:01,3.458339645,88.4,0.5,11,1.909,43.2
2025-05-04 11:30:00,3.479171843,86.7,0.5,63,1.909,43.2
2025-05-04 12:00:00,3.500003853,85,0.8,36,1.909,69.12
2025-05-04 12:30:00,3.520834288,82.9,2,44,1.909,172.8
2025-05-04 12:30:01,3.52084392,82.9,2,48,1.909,172.8
2025-05-04 13:00:01,3.54167561,79.7,0.4,15,1.909,34.56
2025-05-04 13:30:01,3.562509443,79.3,0.6,153,1.909,51.84
2025-05-04 14:00:01,3.583341576,72.9,1.8,39,1.909,155.52
2025-05-04 14:30:01,3.604172553,74.2,1,354,1.909,86.4
2025-05-04 15:00:01,3.625005553,74.8,1.4,0,1.909,120.96
2025-05-04 15:30:00,3.645837514,72.1,1.6,43,1.909,138.24
2025-05-04 16:00:00,3.666669865,68.3,2.1,29,1.909,181.44
2025-05-04 16:30:00,3.687500841,67.1,2.1,31,1.909,181.44
2025-05-04 16:30:01,3.687511043,67.1,2.1,24,1.909,181.44
2025-05-04 17:00:01,3.708342565,62.8,1.6,17,1.909,138.24
2025-05-04 17:30:01,3.729174131,62.5,1.8,33,1.909,155.52
2025-05-04 18:00:01,3.750006754,61.7,1.1,319,1.909,95.04
2025-05-04 18:30:01,3.77083892,57.4,1.4,315,1.909,120.96
2025-05-04 19:00:00,3.791671044,48.5,2.1,32,1.909,181.44
2025-05-04 19:30:00,3.812502372,56.7,1.6,39,1.909,138.24
2025-05-04 20:00:00,3.833333322,69.7,1.5,35,1.945,129.6
2025-05-04 20:00:01,3.833344245,69.7,1.6,30,1.945,138.24
2025-05-04 20:30:01,3.854176068,89.2,0.6,79,2.29,51.84
2025-05-04 21:30:00,3.895836506,86.6,1,39,2.339,86.4
2025-05-04 22:00:00,3.916668606,82.2,0.3,11,2.339,25.92
2025-05-04 22:30:00,3.937501509,79.4,1.2,50,2.339,103.68
2025-05-04 22:30:01,3.937511172,79.4,1.3,54,2.339,112.32
2025-05-04 23:00:01,3.958341864,83,0.7,49,2.342,60.48
2025-05-04 23:30:01,3.979174133,87.4,1.3,63,2.365,112.32
2025-05-05 00:00:00,4.00000509,85.6,0.5,345,2.365,43.2
2025-05-05 00:30:00,4.020836867,76.7,1.1,4,2.365,95.04
2025-05-05 01:00:00,4.04166911,74.3,0.9,22,2.365,77.76
2025-05-05 01:30:00,4.06250095,71.6,1.8,20,2.365,155.52
2025-05-05 02:00:00,4.083333815,73.7,1.6,46,2.365,138.24
2025-05-05 02:00:01,4.0833438,73.7,1.5,41,2.365,129.6
2025-05-05 02:30:01,4.104176702,76,0.7,79,2.365,60.48
2025-05-05 03:00:01,4.125008106,77.9,1.3,46,2.365,112.32
2025-05-05 03:30:01,4.145839153,79.9,1.3,122,2.365,112.32
2025-05-05 04:00:00,4.166672021,82.6,2,358,2.365,172.8
2025-05-05 04:30:00,4.18750345,87.6,0.7,69,2.375,60.48
2025-05-05 05:00:00,4.208334518,92.9,1.5,58,2.39,129.6
2025-05-05 05:00:01,4.208344158,92.9,1.6,57,2.39,138.24
2025-05-05 05:30:01,4.229176474,94.5,1.2,30,2.391,103.68
2025-05-05 06:00:01,4.250007729,94.2,1.6,63,2.391,138.24
2025-05-05 06:30:01,4.270840473,93.2,1.3,48,2.391,112.32
2025-05-05 07:00:00,4.291671907,88.1,1,32,2.391,86.4
2025-05-05 07:30:00,4.3125036,88.2,1.1,27,2.391,95.04
2025-05-05 08:00:00,4.333336792,89.6,1.3,47,2.391,112.32
2025-05-05 08:30:00,4.354168812,90,0.6,20,2.391,51.84
2025-05-05 09:00:00,4.375001138,91.2,1.1,17,2.391,95.04
2025-05-05 09:00:01,4.375010647,91.2,1.1,11,2.391,95.04
2025-05-05 09:30:01,4.395842662,93.3,1,358,2.391,86.4
2025-05-05 10:00:01,4.416674221,96.5,0.9,27,2.391,77.76
2025-05-05 10:30:01,4.437505976,97.4,1,14,2.391,86.4
2025-05-05 11:00:00,4.458337247,97.9,1.2,34,2.391,103.68
2025-05-05 11:30:00,4.479169686,98.4,1.3,45,2.391,112.32
2025-05-05 12:00:00,4.500002268,98.2,0.8,44,2.391,69.12
2025-05-05 12:30:00,4.520833446,98.8,0.9,33,2.391,77.76
2025-05-05 12:30:01,4.520842929,98.8,0.9,34,2.391,77.76
2025-05-05 13:00:01,4.541674209,98.9,0.7,114,2.391,60.48
2025-05-05 13:30:00,4.562504547,97.9,1,31,2.391,86.4
2025-05-05 14:00:00,4.583335546,96.8,0.6,0,2.391,51.84
2025-05-05 14:30:00,4.60416657,94.7,0.8,315,2.391,69.12
2025-05-05 14:30:01,4.604176967,94.7,0.7,319,2.391,60.48
2025-05-05 15:30:00,4.645834366,93.5,0.5,52,2.391,43.2
2025-05-05 15:30:01,4.645843727,93.5,0.5,52,2.391,43.2
2025-05-05 16:00:01,4.666676327,92.2,1.1,358,2.391,95.04
2025-05-05 16:30:01,4.687507671,90.7,1.2,78,2.391,103.68
2025-05-05 17:00:01,4.708339111,87.5,1.6,61,2.391,138.24
2025-05-05 17:30:00,4.729170693,84,0.9,62,2.391,77.76
2025-05-05 18:00:00,4.750002503,77.4,1.4,322,2.391,120.96
2025-05-05 18:30:00,4.770834553,72.6,2.1,45,2.391,181.44
2025-05-05 18:30:01,4.770844345,72.6,2.1,45,2.391,181.44
2025-05-05 19:30:01,4.81250644,67.5,1.3,46,2.391,112.32
2025-05-05 20:00:00,4.833338301,69.7,1.2,65,2.391,103.68
2025-05-05 20:30:00,4.854169841,72.6,1.6,92,2.391,138.24
2025-05-05 21:00:00,4.875001245,71,2,52,2.391,172.8
2025-05-05 21:30:00,4.895838652,69,1.4,46,2.391,120.96
2025-05-05 22:00:00,4.916669595,70.6,0.5,4,2.391,43.2
2025-05-05 22:30:00,4.937500895,65.9,1.6,321,2.391,138.24
2025-05-05 22:30:01,4.937510191,65.9,1.6,321,2.391,138.24
2025-05-05 23:00:01,4.958343201,70.5,1.7,52,2.391,146.88
2025-05-05 23:30:01,4.97917458,71.7,1.5,56,2.391,129.6
2025-05-06 00:00:01,5.000005577,75.6,1,60,2.391,86.4
2025-05-06 00:30:00,5.02083701,78.1,1.5,15,2.391,129.6
2025-05-06 01:00:00,5.04166751,82.3,1,73,2.391,86.4
2025-05-06 01:00:01,5.041676945,82.3,1,73,2.391,86.4
2025-05-06 01:30:01,5.062507864,84.5,0.3,53,2.391,25.92
2025-05-06 02:00:01,5.083340104,86.3,0.3,55,2.391,25.92
2025-05-06 02:30:00,5.104171257,87,1,63,2.391,86.4
2025-05-06 03:00:00,5.12500167,90.2,0.4,28,2.391,34.56
2025-05-06 03:30:00,5.145833713,93.3,0.1,82,2.391,8.64
2025-05-06 03:30:01,5.145844081,93.3,0.1,82,2.391,8.64
2025-05-06 04:00:01,5.166676163,93.5,0.2,255,2.391,17.28
2025-05-06 04:30:01,5.187508198,93.8,0.3,295,2.391,25.92
2025-05-06 05:00:01,5.208340645,94.7,0.2,250,2.391,17.28
2025-05-06 05:30:00,5.229171859,95,0.5,60,2.391,43.2
2025-05-06 06:00:00,5.250002622,95.2,0.5,271,2.391,43.2
2025-05-06 06:30:00,5.27083316,95.5,0.7,240,2.391,60.48
2025-05-06 06:30:01,5.270843391,95.5,0.7,240,2.391,60.48
2025-05-06 07:00:01,5.291675392,95.5,0.4,25,2.391,34.56
2025-05-06 07:30:01,5.312509536,96,0.4,321,2.391,34.56
2025-05-06 08:00:01,5.333340994,96.9,0.4,282,2.391,34.56
2025-05-06 08:30:01,5.354173028,97.3,0.5,292,2.391,43.2
2025-05-06 09:00:00,5.375005453,97.6,0.4,269,2.391,34.56
2025-05-06 09:30:00,5.395837169,97.4,0.5,261,2.391,43.2
2025-05-06 10:00:00,5.416667355,97.6,0.3,258,2.391,25.92
2025-05-06 10:00:01,5.4166768,97.6,0.3,258,2.391,25.92
2025-05-06 10:30:01,5.437508154,97.3,0.5,274,2.391,43.2
2025-05-06 11:00:01,5.458339039,97.6,0.8,261,2.391,69.12
2025-05-06 11:30:00,5.479170522,97.5,0.5,260,2.391,43.2
2025-05-06 12:00:00,5.50000237,94.5,1.3,301,2.391,112.32
2025-05-06 12:30:00,5.520833059,87.9,1.2,225,2.391,103.68
2025-05-06 12:30:01,5.520843776,87.9,1.2,225,2.391,103.68
2025-05-06 13:00:01,5.541675381,79.4,0.7,329,2.391,60.48
2025-05-06 14:00:00,5.583333922,68.8,0.6,269,2.391,51.84
2025-05-06 14:00:01,5.583343195,68.8,0.6,269,2.391,51.84
2025-05-06 15:00:00,5.625000186,62,1.1,296,2.391,95.04
2025-05-06 15:30:00,5.645836993,58.4,2.4,262,2.391,207.36
2025-05-06 16:00:00,5.666671022,55.1,3,237,2.391,259.2
2025-05-06 16:30:01,5.687506818,52,2.1,290,2.391,181.44
2025-05-06 17:00:01,5.70834087,46.8,1.1,217,2.391,95.04
2025-05-06 17:30:01,5.729172935,45,1.7,344,2.391,146.88
2025-05-06 18:00:01,5.750005952,40.1,2.4,302,2.391,207.36
2025-05-06 18:30:00,5.770838429,42.9,2,250,2.391,172.8
2025-05-06 19:00:00,5.791669641,41.7,2.3,293,2.391,198.72
2025-05-06 19:30:00,5.812500071,39.5,1.6,308,2.391,138.24
2025-05-06 19:30:01,5.812509602,39.5,1.6,308,2.391,138.24
2025-05-06 20:00:01,5.833340969,38.9,2.9,276,2.391,250.56
2025-05-06 20:30:01,5.854172829,41.1,2.3,228,2.391,198.72
2025-05-06 21:00:01,5.875007443,40.3,0.7,354,2.391,60.48
2025-05-06 21:30:01,5.895841638,39.7,0.9,257,2.391,77.76
2025-05-06 22:00:01,5.916672738,45.7,0.6,89,2.391,51.84
2025-05-06 22:30:00,5.937504054,49.6,0.4,88,2.391,34.56
2025-05-06 23:00:00,5.958335358,42.9,0.6,82,2.391,51.84
2025-05-06 23:00:01,5.958344608,42.9,0.6,82,2.391,51.84
2025-05-07 00:30:00,6.020836545,53.7,1,65,2.391,86.4
2025-05-07 01:00:00,6.041667656,57,0.3,269,2.391,25.92
2025-05-07 01:00:01,6.041677101,57,0.3,269,2.391,25.92
2025-05-07 01:30:01,6.062508446,63.1,0.3,185,2.391,25.92
2025-05-07 02:00:00,6.083338704,69.3,0.4,297,2.391,34.56
2025-05-07 02:30:00,6.104169776,72,0.5,171,2.391,43.2
2025-05-07 03:00:00,6.125001138,74.2,0.2,297,2.391,17.28
2025-05-07 03:00:01,6.125010408,74.2,0.2,297,2.391,17.28
2025-05-07 03:30:01,6.145842005,76.8,0.1,12,2.391,8.64
2025-05-07 04:00:01,6.166675173,79.5,0.1,54,2.391,8.64
2025-05-07 04:30:01,6.187506636,82.5,0.2,68,2.391,17.28
2025-05-07 05:00:00,6.208337776,83.3,0.1,288,2.391,8.64
2025-05-07 05:30:00,6.229169128,83.9,0.2,68,2.391,17.28
2025-05-07 06:00:00,6.250000297,86.3,0.1,16,2.391,8.64
2025-05-07 06:00:01,6.250009738,86.3,0.1,16,2.391,8.64
2025-05-07 06:30:01,6.270841276,87.9,0.3,334,2.391,25.92
2025-05-07 07:00:01,6.291672159,89,0.2,53,2.391,17.28
2025-05-07 07:30:00,6.31250345,89.4,0.4,297,2.391,34.56
2025-05-07 08:00:00,6.33333455,91.8,0.4,59,2.391,34.56
2025-05-07 08:00:01,6.333344017,91.8,0.4,58,2.391,34.56
2025-05-07 08:30:01,6.354175256,91.9,0.4,228,2.391,34.56
2025-05-07 09:00:01,6.375006586,92.2,0.7,59,2.391,60.48
2025-05-07 09:30:00,6.395838765,92.5,0.4,34,2.391,34.56
2025-05-07 10:00:00,6.416669332,93.4,0.2,292,2.391,17.28
2025-05-07 10:30:00,6.437500685,94,0.4,243,2.391,34.56
2025-05-07 10:30:01,6.437510314,94,0.3,241,2.391,25.92
2025-05-07 11:00:01,6.458341678,94.4,0.3,275,2.391,25.92
2025-05-07 11:30:01,6.479172485,93.8,0.2,23,2.391,17.28
2025-05-07 12:00:00,6.50000486,91.1,0.4,77,2.391,34.56
2025-05-07 12:30:00,6.520837091,85.2,0.5,76,2.391,43.2
2025-05-07 13:00:00,6.541668207,68.7,0.6,152,2.391,51.84
2025-05-07 13:30:00,6.562500341,69,0.9,66,2.391,77.76
2025-05-07 13:30:01,6.56250995,69,0.9,65,2.391,77.76
2025-05-07 14:00:01,6.583343604,61.4,1.5,123,2.391,129.6
2025-05-07 14:30:01,6.604176585,57,1.9,114,2.391,164.16
2025-05-07 15:30:00,6.645833423,56.1,1.8,70,2.391,155.52
2025-05-07 16:00:01,6.66667236,55,1.9,55,2.391,164.16
2025-05-07 16:30:00,6.687504442,57.4,0.8,69,2.391,69.12
2025-05-07 17:00:01,6.708344315,55,1.2,27,2.391,103.68
2025-05-07 17:30:01,6.729175661,65.7,2.8,59,2.391,241.92
2025-05-07 18:00:01,6.750006892,65.2,1.7,88,2.391,146.88
2025-05-07 18:30:00,6.770838282,65,2.2,38,2.391,190.08
2025-05-07 19:00:00,6.791669798,61.3,2.1,55,2.391,181.44
2025-05-07 19:30:00,6.812501321,66,0.2,11,2.391,17.28
2025-05-07 19:30:01,6.81251096,66,0.3,351,2.391,25.92
2025-05-07 20:00:01,6.833343033,65.3,1.6,47,2.391,138.24
2025-05-07 20:30:01,6.854175223,65,1.9,26,2.391,164.16
2025-05-07 21:00:01,6.875007203,69.6,2,339,2.391,172.8
2025-05-07 22:00:00,6.916667442,62,2.4,43,2.391,207.36
2025-05-07 22:00:01,6.91667744,62,2.7,49,2.391,233.28
2025-05-07 22:30:01,6.937508373,65.4,1.7,66,2.391,146.88
2025-05-07 23:00:01,6.958340259,65.6,1.7,54,2.391,146.88
2025-05-07 23:30:00,6.979171632,67.9,2.2,25,2.391,190.08
2025-05-08 00:00:00,7.000002913,71.6,1.5,29,2.391,129.6
2025-05-08 00:30:00,7.020835007,73.8,1.5,12,2.391,129.6
2025-05-08 01:00:00,7.041666994,75.3,2.4,49,2.391,207.36
2025-05-08 01:30:00,7.062499727,76.9,1.3,36,2.391,112.32
2025-05-08 01:30:01,7.062509183,76.9,1.3,25,2.391,112.32
2025-05-08 02:00:01,7.083340036,76.4,0.7,19,2.391,60.48
2025-05-08 02:30:01,7.104172855,76.4,1.5,65,2.391,129.6
2025-05-08 03:00:00,7.125004786,76.4,1.5,57,2.391,129.6
2025-05-08 03:30:00,7.145837138,75.9,1.1,83,2.391,95.04
2025-05-08 04:00:00,7.166669351,75,0.5,297,2.391,43.2
2025-05-08 04:30:00,7.187500658,73.4,1.7,36,2.391,146.88
2025-05-08 04:30:01,7.187511265,73.4,1.6,39,2.391,138.24
2025-05-08 05:00:01,7.208343251,73.8,1.6,15,2.391,138.24
2025-05-08 05:30:01,7.229176823,74.5,0.6,4,2.391,51.84
2025-05-08 06:00:01,7.250009364,74.9,1.4,100,2.391,120.96
2025-05-08 06:30:01,7.270842582,76.7,1.2,36,2.391,103.68
2025-05-08 07:00:01,7.291673693,79.7,0.8,12,2.391,69.12
2025-05-08 07:30:01,7.312505704,82.3,0.6,60,2.391,51.84
2025-05-08 08:00:00,7.333337932,83.5,1,6,2.391,86.4
2025-05-08 08:30:00,7.354169863,84.9,1.2,8,2.391,103.68
2025-05-08 09:00:00,7.375001829,85.1,1.9,54,2.391,164.16
2025-05-08 09:30:00,7.395834003,83.5,1.3,13,2.391,112.32
2025-05-08 09:30:01,7.39584419,83.5,1.2,0,2.391,103.68
2025-05-08 10:00:01,7.416676065,82.7,1.8,39,2.391,155.52
2025-05-08 10:30:01,7.43750787,80.8,1.5,61,2.391,129.6
2025-05-08 11:00:01,7.458340196,77.7,1.7,41,2.391,146.88
2025-05-08 11:30:00,7.479171249,76.9,1.5,39,2.391,129.6
2025-05-08 12:00:00,7.500002887,76.4,1.6,72,2.391,138.24
2025-05-08 12:30:00,7.520835752,74.2,1.2,66,2.391,103.68
2025-05-08 13:00:01,7.541674526,73.8,1.5,91,2.391,129.6
2025-05-08 13:30:01,7.562509544,72.3,2.5,114,2.391,216
2025-05-08 14:00:01,7.583341603,71.1,2.3,64,2.391,198.72
2025-05-08 14:30:01,7.604172773,67,0.8,8,2.391,69.12
2025-05-08 15:00:00,7.625003989,71.9,1.4,116,2.391,120.96
2025-05-08 15:30:00,7.645835943,70.9,1.6,34,2.391,138.24
2025-05-08 16:00:00,7.666669725,66.6,2.3,41,2.391,198.72
2025-05-08 16:30:01,7.687506028,64.9,1.2,62,2.391,103.68
2025-05-08 17:30:00,7.729167428,61.5,2.5,68,2.391,216
2025-05-08 17:30:01,7.729177086,61.5,2.5,70,2.391,216
2025-05-08 18:00:01,7.750009188,63,2.1,83,2.391,181.44
2025-05-08 18:30:01,7.770840236,60.2,3.6,50,2.391,311.04
2025-05-08 19:00:01,7.791676523,62.3,2.9,90,2.391,250.56
2025-05-08 20:00:01,7.833339501,60.6,0.8,9,2.391,69.12
2025-05-08 20:30:01,7.854172694,62.2,1.2,34,2.391,103.68
2025-05-08 21:00:01,7.875006513,64.1,1.4,23,2.391,120.96
2025-05-08 21:30:00,7.895838663,61.3,2.9,65,2.391,250.56
2025-05-08 22:00:00,7.91666985,59.9,2.2,33,2.391,190.08
2025-05-08 22:30:00,7.937500934,62.9,1.8,316,2.391,155.52
2025-05-08 22:30:01,7.93751075,62.9,1.7,285,2.391,146.88
2025-05-09 00:30:00,8.020835444,64.6,0.9,23,2.391,77.76
2025-05-09 01:00:00,8.041667421,67.7,0.5,86,2.391,43.2
2025-05-09 01:30:00,8.062500572,69.5,1,14,2.391,86.4
2025-05-09 01:30:01,8.062511124,69.5,1,5,2.391,86.4
2025-05-09 02:00:01,8.083342388,69.2,1.5,32,2.391,129.6
2025-05-09 02:30:01,8.104174387,69.2,1.2,60,2.391,103.68
2025-05-09 03:00:01,8.125007287,69.3,0.5,245,2.391,43.2
2025-05-09 03:30:01,8.14583923,70.7,1,50,2.391,86.4
2025-05-09 04:00:00,8.16667174,74.8,0.3,155,2.391,25.92
2025-05-09 04:30:00,8.187503611,77.6,0.6,76,2.391,51.84
2025-05-09 05:00:00,8.208336906,80.5,1.2,47,2.391,103.68
2025-05-09 05:30:00,8.229169671,81.6,0.3,357,2.391,25.92
2025-05-09 06:00:00,8.250001961,81.4,0.7,47,2.391,60.48
2025-05-09 06:30:00,8.270834138,79,0.5,219,2.391,43.2
2025-05-09 06:30:01,8.270844026,79,0.3,216,2.391,25.92
2025-05-09 07:00:01,8.291675975,82.2,0.8,42,2.391,69.12
2025-05-09 07:30:01,8.312508036,83.3,0.5,58,2.391,43.2
2025-05-09 08:00:01,8.333339127,78.9,0.7,94,2.391,60.48
2025-05-09 08:30:00,8.35417049,78,0.9,56,2.391,77.76
2025-05-09 09:00:00,8.375003488,76.4,0.8,51,2.391,69.12
2025-05-09 09:30:00,8.395835483,71.8,0.2,38,2.391,17.28
2025-05-09 10:00:00,8.416667764,75.6,0.6,72,2.391,51.84
2025-05-09 10:00:01,8.416677386,75.6,0.6,68,2.391,51.84
2025-05-09 10:30:01,8.437508438,78.2,0.2,312,2.391,17.28
2025-05-09 11:00:01,8.458341447,82.4,0.5,207,2.391,43.2
2025-05-09 11:30:01,8.479173866,83.9,0.3,314,2.391,25.92
2025-05-09 12:00:00,8.500004696,70.5,0.7,45,2.391,60.48
2025-05-09 12:30:00,8.520837959,63,0.7,35,2.391,60.48
2025-05-09 13:00:00,8.541670615,63.7,0.6,61,2.391,51.84
2025-05-09 13:30:00,8.562503069,60.3,0.8,20,2.391,69.12
2025-05-09 14:00:00,8.583334413,62.3,0.5,117,2.391,43.2
2025-05-09 14:30:00,8.604167515,56.7,1.3,109,2.391,112.32
2025-05-09 14:30:01,8.604177145,56.7,1.3,110,2.391,112.32
2025-05-09 15:30:00,8.645837324,55.8,1.5,333,2.391,129.6
2025-05-09 16:00:01,8.666673399,52.4,1.6,34,2.391,138.24
2025-05-09 16:30:00,8.687505447,51.8,1.7,70,2.391,146.88
2025-05-09 17:00:00,8.708337893,52.2,1,98,2.391,86.4
2025-05-09 17:30:00,8.729170716,46.9,1.6,356,2.391,138.24
2025-05-09 18:00:01,8.750009769,37,0.5,227,2.391,43.2
2025-05-09 18:30:01,8.770841427,40.8,1.5,54,2.391,129.6
2025-05-09 19:00:01,8.791673616,36.4,0.6,106,2.391,51.84
2025-05-09 19:30:00,8.812505073,33.6,2.1,116,2.391,181.44
2025-05-09 20:00:00,8.833336544,31.5,1.9,332,2.391,164.16
2025-05-09 20:30:00,8.854170988,33.1,0.6,94,2.391,51.84
2025-05-09 21:00:00,8.875003393,26.4,0.7,342,2.391,60.48
2025-05-09 21:30:00,8.895835276,26,1.3,20,2.391,112.32
2025-05-09 22:00:00,8.916666396,23.1,1.1,77,2.391,95.04
2025-05-09 22:00:01,8.916676226,23.1,1.4,74,2.391,120.96
2025-05-09 23:00:00,8.9583345,25.6,0.9,69,2.391,77.76
2025-05-09 23:00:01,8.958343946,25.6,0.9,68,2.391,77.76
2025-05-10 00:00:00,9.000000024,18.6,1,65,2.391,86.4
2025-05-10 00:30:00,9.020833996,23.7,0.8,79,2.391,69.12
2025-05-10 00:30:01,9.020843451,23.7,0.8,80,2.391,69.12
2025-05-10 01:00:01,9.041674786,29.9,0.1,336,2.391,8.64
2025-05-10 01:30:01,9.062506599,34,0.3,254,2.391,25.92
2025-05-10 02:00:00,9.083337901,41.1,0.3,49,2.391,25.92
2025-05-10 02:30:00,9.104170012,41.1,0.2,324,2.391,17.28
2025-05-10 03:00:00,9.125001983,50,0.1,349,2.391,8.64
2025-05-10 03:30:00,9.145833275,56.3,0.3,67,2.391,25.92
2025-05-10 03:30:01,9.145843702,56.3,0.3,69,2.391,25.92
2025-05-10 04:00:01,9.166675895,49.5,0.4,282,2.391,34.56
2025-05-10 04:30:01,9.187507051,46.9,0.5,283,2.391,43.2
2025-05-10 05:00:00,9.208337896,45.9,0.1,260,2.391,8.64
2025-05-10 05:30:00,9.229170404,45.6,0.3,291,2.391,25.92
2025-05-10 06:00:00,9.250000775,44.1,0.2,240,2.391,17.28
2025-05-10 06:00:01,9.25001029,44.1,0.2,239,2.391,17.28
2025-05-10 06:30:01,9.270842615,42.1,0.4,289,2.391,34.56
2025-05-10 07:00:01,9.29167422,42.9,0.1,278,2.391,8.64
2025-05-10 07:30:01,9.312505607,50,0.2,246,2.391,17.28
2025-05-10 08:00:00,9.333337726,53.8,0.3,229,2.391,25.92
2025-05-10 08:30:00,9.354169553,40.2,0.4,270,2.391,34.56
2025-05-10 09:00:00,9.374999787,44.4,0.5,289,2.391,43.2
2025-05-10 09:00:01,9.37500927,44.4,0.5,287,2.391,43.2
2025-05-10 09:30:01,9.395841096,39.9,0.5,276,2.391,43.2
2025-05-10 10:00:01,9.416672925,40.3,0.3,302,2.391,25.92
2025-05-10 10:30:00,9.437503933,42.2,0.1,256,2.391,8.64
2025-05-10 11:00:00,9.458336829,37.2,0.6,265,2.391,51.84
2025-05-10 11:30:00,9.479169296,39.3,0.8,277,2.391,69.12
2025-05-10 12:00:00,9.500000508,36.4,1.5,271,2.391,129.6
2025-05-10 12:00:01,9.500009966,36.4,1.5,271,2.391,129.6
2025-05-10 12:30:01,9.520841567,33.5,2.2,270,2.391,190.08
2025-05-10 13:00:01,9.541672289,32.7,1.9,250,2.391,164.16
2025-05-10 13:30:00,9.562503144,29.6,1.7,260,2.391,146.88
2025-05-10 14:00:00,9.583337008,28.8,1.9,253,2.391,164.16
2025-05-10 14:30:00,9.604168707,25.9,0.9,245,2.391,77.76
2025-05-10 15:00:00,9.624999915,25,1.7,250,2.391,146.88
2025-05-10 15:30:00,9.645837704,25.6,1.2,311,2.391,103.68
2025-05-10 16:00:01,9.666674909,50.8,1.3,332,2.391,112.32
2025-05-10 17:00:00,9.708334364,58.2,2.2,29,2.391,190.08
2025-05-10 17:00:01,9.708343924,58.2,2.2,29,2.391,190.08
2025-05-10 18:30:00,9.770833435,57.5,2.5,55,2.391,216
2025-05-10 18:30:01,9.770842905,57.5,2.5,55,2.391,216
2025-05-10 19:00:01,9.79167416,56.9,2.7,12,2.391,233.28
2025-05-10 19:30:00,9.812505182,54.1,1,30,2.391,86.4
2025-05-10 20:00:00,9.83333635,57,2.2,26,2.391,190.08
2025-05-10 20:30:00,9.854167464,54.9,1,16,2.391,86.4
2025-05-10 20:30:01,9.854176912,54.9,1,16,2.391,86.4
2025-05-10 21:30:00,9.895836691,54.1,3.5,53,2.391,302.4
2025-05-10 22:00:00,9.916667807,55.1,0.7,62,2.391,60.48
2025-05-10 22:00:01,9.91667707,55.1,0.7,62,2.391,60.48
2025-05-10 23:00:00,9.958337013,50.2,1.4,27,2.391,120.96
2025-05-10 23:30:00,9.97916794,46.5,0.9,51,2.391,77.76
2025-05-10 23:30:01,9.979177206,46.5,0.9,51,2.391,77.76
2025-05-11 00:30:00,10.02083695,47,1.4,43,2.391,120.96
2025-05-11 01:00:00,10.04166904,46.5,0.7,38,2.391,60.48
2025-05-11 01:30:00,10.06250026,47.4,0.9,107,2.391,77.76
2025-05-11 01:30:01,10.06251046,47.4,0.9,107,2.391,77.76
2025-05-11 02:00:01,10.08334219,43,1.1,36,2.391,95.04
2025-05-11 02:30:01,10.10417387,49.9,0.8,259,2.391,69.12
2025-05-11 03:00:01,10.12500599,55.4,1,352,2.391,86.4
2025-05-11 03:30:00,10.14583703,59.6,0.9,44,2.391,77.76
2025-05-11 04:00:00,10.16666836,52.4,0.7,151,2.391,60.48
2025-05-11 04:00:01,10.1666778,52.4,0.7,151,2.391,60.48
2025-05-11 04:30:01,10.18750929,57,0.5,73,2.391,43.2
2025-05-11 05:00:01,10.20834222,62.4,0.7,43,2.391,60.48
2025-05-11 05:30:01,10.22917432,66.9,0.1,82,2.391,8.64
2025-05-11 06:00:01,10.25000557,74.2,0.2,19,2.391,17.28
2025-05-11 06:30:00,10.27083671,74.9,0.2,275,2.391,17.28
2025-05-11 07:00:00,10.291668,73.7,0.3,110,2.391,25.92
2025-05-11 07:30:00,10.31250006,75.5,0.7,309,2.391,60.48
2025-05-11 07:30:01,10.31250969,75.5,0.7,309,2.391,60.48
2025-05-11 08:00:01,10.33334051,79.3,0.4,3,2.391,34.56
2025-05-11 08:30:00,10.3541717,81.7,0.4,106,2.391,34.56
2025-05-11 09:00:00,10.37500271,80.2,0.6,28,2.391,51.84
2025-05-11 09:30:00,10.3958332,80.7,0.1,9,2.391,8.64
2025-05-11 09:30:01,10.39584284,80.7,0.1,9,2.391,8.64
2025-05-11 10:00:01,10.41667386,81.8,0.6,74,2.391,51.84
2025-05-11 10:30:00,10.43750489,85.6,0.3,5,2.391,25.92
2025-05-11 11:00:00,10.45833618,86.1,0.7,43,2.391,60.48
2025-05-11 11:30:00,10.47916757,83.2,0.6,121,2.391,51.84
2025-05-11 11:30:01,10.47917709,83.2,0.6,121,2.391,51.84
2025-05-11 12:00:01,10.5000088,78.6,1.7,67,2.391,146.88
2025-05-11 12:30:01,10.52084033,76.1,0.7,83,2.391,60.48
2025-05-11 13:00:00,10.54167125,71.4,0.9,92,2.391,77.76
2025-05-11 13:30:00,10.56250333,70,1,32,2.391,86.4
2025-05-11 14:00:00,10.58333816,65.1,0.7,81,2.391,60.48
2025-05-11 14:30:01,10.60417223,62.6,1,51,2.391,86.4
2025-05-11 15:00:00,10.62500396,62,1.2,79,2.391,103.68
2025-05-11 15:30:00,10.64583491,58.7,1,117,2.391,86.4
2025-05-11 15:30:01,10.64584436,58.7,1,117,2.391,86.4
2025-05-11 16:30:01,10.68750687,62.5,0.5,163,2.391,43.2
2025-05-11 17:00:01,10.70833924,55.8,1.5,41,2.391,129.6
2025-05-11 17:30:00,10.72917111,52.1,1.3,357,2.391,112.32
2025-05-11 18:30:00,10.7708334,49.6,1.2,130,2.391,103.68
2025-05-11 18:30:01,10.77084287,49.6,1.2,130,2.391,103.68
2025-05-11 19:00:01,10.79167569,50.9,1.3,58,2.391,112.32
2025-05-11 19:30:01,10.81250816,51.3,1.6,65,2.391,138.24
2025-05-11 20:00:00,10.83333874,46.9,1.9,120,2.391,164.16
2025-05-11 20:30:00,10.85417103,44.6,1.3,116,2.391,112.32
2025-05-11 21:00:00,10.87500254,43.9,0.1,27,2.391,8.64
2025-05-11 21:30:01,10.89584034,44.7,0.8,99,2.391,69.12
2025-05-11 22:00:01,10.91667562,45,1.5,98,2.391,129.6
2025-05-11 22:30:01,10.93750651,44.6,1.1,354,2.391,95.04
2025-05-11 23:00:00,10.95833746,46.4,0.8,120,2.391,69.12
2025-05-11 23:30:00,10.97916993,45.5,0.3,12,2.391,25.92
2025-05-12 00:00:00,11.00000383,49.2,0.9,61,2.391,77.76
2025-05-12 00:30:01,11.02083984,52,0.4,303,2.391,34.56
2025-05-12 01:00:00,11.04167128,59.7,0.7,50,2.391,60.48
2025-05-12 01:30:00,11.06250323,62.4,0.2,223,2.391,17.28
2025-05-12 02:00:00,11.08333446,64.1,0.3,89,2.391,25.92
2025-05-12 02:00:01,11.0833439,64.1,0.3,89,2.391,25.92
2025-05-12 02:30:01,11.10417505,66.4,0.6,121,2.391,51.84
2025-05-12 03:00:01,11.12500733,69.7,0.2,72,2.391,17.28
2025-05-12 03:30:00,11.14583826,71.3,0.2,315,2.391,17.28
2025-05-12 04:00:00,11.16666941,70.8,0.1,90,2.391,8.64
2025-05-12 04:30:00,11.18750149,73,0.2,286,2.391,17.28
2025-05-12 05:00:00,11.20833325,74.8,0.2,40,2.391,17.28
2025-05-12 05:30:00,11.22916703,78.5,0.4,207,2.391,34.56
2025-05-12 05:30:01,11.22917705,78.5,0.3,208,2.391,25.92
2025-05-12 06:00:01,11.25000875,81.6,0.3,307,2.391,25.92
2025-05-12 06:30:01,11.27084046,84.5,0.2,261,2.391,17.28
2025-05-12 07:00:00,11.29167168,86.7,0.1,169,2.391,8.64
2025-05-12 07:30:00,11.31250296,89,0.4,283,2.391,34.56
2025-05-12 08:00:00,11.33333428,90,0.3,319,2.391,25.92
2025-05-12 08:00:01,11.33334411,90,0.3,320,2.391,25.92
2025-05-12 09:00:00,11.3750002,92.4,0.4,319,2.391,34.56
2025-05-12 09:00:01,11.37500984,92.4,0.4,319,2.391,34.56
2025-05-12 09:30:01,11.39584095,92.2,0.2,312,2.391,17.28
2025-05-12 10:00:00,11.41667202,92.9,0.3,40,2.391,25.92
2025-05-12 10:30:00,11.43750339,93,0.3,315,2.391,25.92
2025-05-12 11:00:00,11.45833415,92.9,0.2,32,2.391,17.28
2025-05-12 11:00:01,11.458344,92.9,0.2,31,2.391,17.28
2025-05-12 11:30:01,11.47917531,88.8,0.2,42,2.391,17.28
2025-05-12 12:00:01,11.5000065,74.8,0.9,58,2.391,77.76
2025-05-12 12:30:01,11.52084398,65,0.6,100,2.391,51.84
2025-05-12 13:00:01,11.54167642,62.3,0.4,0,2.391,34.56
2025-05-12 13:30:01,11.56250768,54.7,0.6,88,2.391,51.84
2025-05-12 14:00:01,11.58333986,59,0.5,0,2.391,43.2
2025-05-12 14:30:00,11.60417034,52.8,0.6,58,2.391,51.84
2025-05-12 15:00:00,11.62500149,50.3,1.1,103,2.391,95.04
2025-05-12 15:30:00,11.64583318,50.3,0.9,51,2.391,77.76
2025-05-12 15:30:01,11.64584287,50.3,0.9,44,2.391,77.76
2025-05-12 16:00:01,11.66667473,51.1,1.7,49,2.391,146.88
2025-05-12 16:30:01,11.68750604,47.5,0.4,246,2.391,34.56
2025-05-12 17:00:01,11.70834037,50,1.2,132,2.391,103.68
2025-05-12 17:30:01,11.72917329,50.6,1.2,0,2.391,103.68
2025-05-12 18:00:00,11.75000542,51.7,1,49,2.391,86.4
2025-05-12 19:00:00,11.79166686,50.5,1,109,2.391,86.4
2025-05-12 19:30:00,11.81250317,49.1,0.7,9,2.391,60.48
2025-05-12 20:00:00,11.83333771,47.2,1.4,92,2.391,120.96
2025-05-12 20:30:00,11.85416896,45.3,1,107,2.391,86.4
2025-05-12 21:00:00,11.87500108,45.3,1.5,47,2.391,129.6
2025-05-12 21:00:01,11.87501083,45.3,1.6,48,2.391,138.24
2025-05-12 22:00:00,11.91666737,48,0.9,45,2.391,77.76
2025-05-12 22:00:01,11.91667702,48,1,49,2.391,86.4
2025-05-12 22:30:01,11.93750929,51.8,0.8,108,2.391,69.12
2025-05-12 23:00:01,11.95834026,54,1.2,40,2.391,103.68
2025-05-12 23:30:00,11.97917122,57.1,1.2,43,2.391,103.68
2025-05-13 00:00:00,12.00000355,61.1,0.8,73,2.391,69.12
2025-05-13 00:30:00,12.02083558,62.6,0.2,338,2.391,17.28
2025-05-13 01:00:00,12.041667,65,0.2,120,2.391,17.28
2025-05-13 01:00:01,12.04167661,65,0.2,127,2.391,17.28
2025-05-13 01:30:01,12.06250881,68.6,1,50,2.391,86.4
2025-05-13 02:00:01,12.08334061,69.3,0.4,53,2.391,34.56
2025-05-13 02:30:01,12.10417282,70,0.4,55,2.391,34.56
2025-05-13 03:00:00,12.12500395,70.7,0.1,341,2.391,8.64
2025-05-13 03:30:00,12.14583603,76.2,0.6,70,2.391,51.84
2025-05-13 04:00:00,12.16666821,74.5,0.5,75,2.391,43.2
2025-05-13 04:00:01,12.16667787,74.5,0.4,78,2.391,34.56
2025-05-13 04:30:01,12.18750902,72.8,0.5,97,2.391,43.2
2025-05-13 05:00:01,12.20833997,76.7,0.3,43,2.391,25.92
2025-05-13 05:30:00,12.22917118,76.3,0.5,106,2.391,43.2
2025-05-13 06:00:00,12.25000341,89.3,0.7,96,2.391,60.48
2025-05-13 06:30:00,12.27083473,80.5,0.9,102,2.391,77.76
2025-05-13 07:00:00,12.29166677,82.2,1,140,2.391,86.4
2025-05-13 07:00:01,12.29167641,82.2,1,134,2.391,86.4
2025-05-13 07:30:01,12.31250865,84,0.6,78,2.391,51.84
2025-05-13 08:00:01,12.33334057,85.2,0.4,58,2.391,34.56
2025-05-13 08:30:00,12.35417152,87.2,0.3,242,2.391,25.92
2025-05-13 09:00:00,12.37500305,90.4,0.2,56,2.391,17.28
2025-05-13 09:30:00,12.39583496,93.5,0.4,99,2.391,34.56
2025-05-13 10:00:00,12.41666735,94.3,0.2,298,2.391,17.28
2025-05-13 10:00:01,12.41667697,94.3,0.2,297,2.391,17.28
2025-05-13 10:30:01,12.43750786,95.9,0.1,346,2.391,8.64
2025-05-13 11:00:01,12.45833922,96.8,0.2,36,2.391,17.28
2025-05-13 11:30:00,12.4791701,98.8,0.5,101,2.391,43.2
2025-05-13 12:00:00,12.50000226,95.8,0.6,104,2.391,51.84
2025-05-13 12:30:00,12.52083314,91.2,0.3,115,2.391,25.92
2025-05-13 12:30:01,12.52084296,91.2,0.3,115,2.391,25.92
2025-05-13 13:00:01,12.54167414,86.1,0.6,126,2.391,51.84
2025-05-13 13:30:01,12.56250561,83.3,1,72,2.391,86.4
2025-05-13 14:00:00,12.58333762,85.4,0.9,95,2.391,77.76
2025-05-13 14:30:00,12.60416868,86.7,0.6,77,2.391,51.84
2025-05-13 15:00:00,12.62499999,82,1.3,96,2.391,112.32
2025-05-13 15:30:00,12.64583467,81,0.9,122,2.391,77.76
2025-05-13 16:00:00,12.66666928,79.6,1.2,90,2.391,103.68
2025-05-13 16:30:00,12.68750307,75.6,1.6,77,2.391,138.24
2025-05-13 17:00:00,12.70833613,67.2,1.2,83,2.391,103.68
2025-05-13 17:30:00,12.72916735,63.8,0.9,107,2.391,77.76
2025-05-13 17:30:01,12.7291772,63.8,0.9,97,2.391,77.76
2025-05-13 18:00:01,12.75000933,65.7,0.8,65,2.391,69.12
2025-05-13 18:30:01,12.77084133,64,2.3,124,2.391,198.72
2025-05-13 19:00:01,12.7916724,64.6,0.4,111,2.391,34.56
2025-05-13 19:30:00,12.812504,63.5,1.9,59,2.391,164.16
2025-05-13 20:00:01,12.83333963,65.1,1.7,102,2.391,146.88
2025-05-13 20:30:01,12.85417682,67.3,1,134,2.391,86.4
2025-05-13 21:00:01,12.87500786,68.7,1.5,60,2.391,129.6
2025-05-13 21:30:00,12.89583881,68.9,2.6,47,2.391,224.64
2025-05-13 22:00:00,12.91667087,67,0.8,10,2.391,69.12
2025-05-13 22:30:00,12.93750208,72.1,1.9,87,2.391,164.16
2025-05-13 23:00:00,12.95833321,73.8,2.2,76,2.391,190.08
2025-05-13 23:30:00,12.97917098,77.9,1.5,92,2.391,129.6
2025-05-14 00:00:00,13.00000349,78.1,1.2,47,2.391,103.68
2025-05-14 00:30:00,13.02083566,80,0.7,31,2.391,60.48
2025-05-14 01:00:00,13.0416666,82.1,0.3,130,2.391,25.92
2025-05-14 01:00:01,13.04167643,82.1,0.3,132,2.391,25.92
2025-05-14 01:30:01,13.06250777,84.4,0.2,346,2.391,17.28
2025-05-14 02:00:01,13.08333983,86.3,1.1,66,2.391,95.04
2025-05-14 02:30:00,13.10417171,88.2,0.3,32,2.391,25.92
2025-05-14 03:00:00,13.12500267,88.6,0.6,46,2.391,51.84
2025-05-14 03:30:00,13.14583398,87.1,1.4,60,2.391,120.96
2025-05-14 03:30:01,13.14584384,87.1,1.2,63,2.391,103.68
2025-05-14 04:00:01,13.16667604,89.1,0.6,50,2.391,51.84
2025-05-14 04:30:01,13.18750907,89.7,0.5,306,2.391,43.2
2025-05-14 05:00:01,13.20834027,89.7,0.4,85,2.391,34.56
2025-05-14 05:30:01,13.2291723,89.4,0.7,78,2.391,60.48
2025-05-14 06:00:00,13.25000436,90.2,0.9,63,2.391,77.76
2025-05-14 06:30:00,13.27083545,90.4,0.7,50,2.391,60.48
2025-05-14 07:00:00,13.29166646,91.8,0.3,86,2.391,25.92
2025-05-14 07:00:01,13.29167609,91.8,0.3,88,2.391,25.92
2025-05-14 07:30:01,13.31250838,91.9,0.3,87,2.391,25.92
2025-05-14 08:00:01,13.33334056,93.4,1.2,71,2.391,103.68
2025-05-14 08:30:00,13.35417149,93.1,0.9,123,2.391,77.76
2025-05-14 09:00:00,13.375003,92.7,0.1,329,2.391,8.64
2025-05-14 09:30:00,13.3958349,90.8,0.6,112,2.391,51.84
2025-05-14 10:00:00,13.41666713,90.6,0.4,282,2.391,34.56
2025-05-14 10:30:00,13.43750004,89.8,0.4,102,2.391,34.56
2025-05-14 10:30:01,13.43751004,89.8,0.4,103,2.391,34.56
2025-05-14 11:00:01,13.45834087,89.1,0.2,36,2.391,17.28
2025-05-14 11:30:01,13.47917315,88.5,0.6,69,2.391,51.84
2025-05-14 12:00:00,13.50000529,87.6,0.6,87,2.391,51.84
2025-05-14 12:30:00,13.52083621,89.5,0.4,54,2.391,34.56
2025-05-14 13:00:00,13.54166811,91,0.2,130,2.391,17.28
2025-05-14 13:30:00,13.56250372,89.5,0.5,79,2.391,43.2
2025-05-14 14:00:00,13.58333552,87,0.4,15,2.391,34.56
2025-05-14 14:30:00,13.60416763,83.9,0.5,87,2.391,43.2
2025-05-14 14:30:01,13.60417745,83.9,0.5,85,2.391,43.2
2025-05-14 15:00:01,13.6250084,78.3,0.7,48,2.391,60.48
2025-05-14 16:00:00,13.66666873,78.4,1.7,130,2.391,146.88
2025-05-14 16:30:00,13.6875003,72.9,0.1,298,2.391,8.64
2025-05-14 16:30:01,13.68751114,72.9,0.2,284,2.391,17.28
2025-05-14 17:00:01,13.7083421,73,1.5,54,2.391,129.6
2025-05-14 17:30:01,13.72917331,70.8,0.9,286,2.391,77.76
2025-05-14 18:00:00,13.75000547,70.8,0.7,96,2.391,60.48
2025-05-14 18:30:00,13.77083635,72.9,0.8,40,2.391,69.12
2025-05-14 19:00:00,13.7916676,67.5,2.3,55,2.391,198.72
2025-05-14 19:00:01,13.7916772,67.5,2.6,54,2.391,224.64
2025-05-14 19:30:01,13.81250925,67.9,1.9,53,2.391,164.16
2025-05-14 20:00:01,13.83334113,70.5,0.9,60,2.391,77.76
2025-05-14 20:30:01,13.85417254,68.2,1.1,96,2.391,95.04
2025-05-14 21:00:01,13.87500704,67.5,1.7,117,2.391,146.88
2025-05-14 21:30:01,13.89584401,74,1,11,2.391,86.4
2025-05-14 22:00:01,13.91667616,72.4,0.7,94,2.391,60.48
2025-05-14 22:30:01,13.93750772,72.6,1.2,123,2.391,103.68
2025-05-14 23:00:01,13.95833911,73.4,1.1,102,2.391,95.04
2025-05-14 23:30:00,13.97917018,75.7,0.4,81,2.391,34.56
2025-05-15 00:00:01,14.00000703,80,1.1,107,2.391,95.04
2025-05-15 00:30:01,14.02084241,85.4,0.8,72,2.391,69.12
2025-05-15 01:00:01,14.04167334,89.8,1,58,2.391,86.4
2025-05-15 01:30:00,14.06250468,92.6,0.7,62,2.391,60.48
2025-05-15 02:00:00,14.08333594,95.2,0.4,60,2.391,34.56
2025-05-15 02:30:00,14.1041689,94.3,0.7,63,2.391,60.48
2025-05-15 03:00:00,14.12499988,94.4,0.4,54,2.391,34.56
2025-05-15 03:00:01,14.12500953,94.4,0.4,55,2.391,34.56
2025-05-15 03:30:01,14.14584151,94.3,0.6,47,2.391,51.84
2025-05-15 04:00:01,14.1666728,94,0.2,38,2.391,17.28
2025-05-15 04:30:00,14.18750412,95.8,0.3,42,2.391,25.92
2025-05-15 05:00:00,14.20833593,94.7,0.1,53,2.391,8.64
2025-05-15 05:30:00,14.22916819,93,0.2,300,2.391,17.28
2025-05-15 06:00:00,14.25000048,93.1,0.2,292,2.391,17.28
2025-05-15 06:00:01,14.25000972,93.1,0.2,294,2.391,17.28
2025-05-15 06:30:01,14.27084128,94.1,0.1,4,2.391,8.64
2025-05-15 07:00:01,14.2916722,94.8,0.1,291,2.391,8.64
2025-05-15 07:30:00,14.31250347,95.6,0.1,100,2.391,8.64
2025-05-15 08:00:00,14.3333346,95.5,0.2,23,2.391,17.28
2025-05-15 08:30:00,14.35416668,96,0.3,56,2.391,25.92
2025-05-15 08:30:01,14.3541765,96,0.3,58,2.391,25.92
2025-05-15 09:00:01,14.37500843,94.8,0.1,82,2.391,8.64
2025-05-15 09:30:01,14.3958397,95.1,0.2,296,2.391,17.28
2025-05-15 10:00:00,14.41667174,95.7,0.3,45,2.391,25.92
2025-05-15 10:30:00,14.43750311,95.8,0.4,54,2.391,34.56
2025-05-15 11:00:00,14.45833425,92.8,0.6,81,2.391,51.84
2025-05-15 11:00:01,14.45834396,92.8,0.6,81,2.391,51.84
2025-05-15 11:30:01,14.47917573,91,0.6,70,2.391,51.84
2025-05-15 12:00:01,14.50000666,87.6,0.6,80,2.391,51.84
2025-05-15 12:30:01,14.52083928,85.8,0.5,69,2.391,43.2
2025-05-15 13:00:00,14.54167091,82.6,0.5,137,2.391,43.2
2025-05-15 13:30:01,14.56250956,76,1.5,176,2.391,129.6
2025-05-15 14:30:00,14.60416761,71.7,1.1,232,2.391,95.04
2025-05-15 14:30:01,14.60417711,71.7,1.1,232,2.391,95.04
2025-05-15 15:00:01,14.62500934,67.3,1.2,115,2.391,103.68
2025-05-15 16:00:00,14.6666678,60.5,1.8,114,2.391,155.52
2025-05-15 16:30:00,14.68750013,57.9,2.5,131,2.391,216
2025-05-15 16:30:01,14.6875105,57.9,2.5,131,2.391,216
2025-05-15 17:00:01,14.70834261,56.6,0.5,356,2.391,43.2
2025-05-15 17:30:01,14.72917402,55.2,2.2,126,2.391,190.08
2025-05-15 18:00:00,14.75000475,55.3,0.5,117,2.391,43.2
2025-05-15 19:00:00,14.79166656,51,2.8,190,2.391,241.92
2025-05-15 19:00:01,14.79167674,51,2.8,190,2.391,241.92
2025-05-15 19:30:01,14.81250842,47,1.8,125,2.391,155.52
2025-05-15 20:00:01,14.83334008,47.8,1.5,159,2.391,129.6
2025-05-15 20:30:00,14.85417173,45.9,1.1,175,2.391,95.04
2025-05-15 21:00:00,14.87500316,45,2.7,119,2.391,233.28
2025-05-15 21:30:00,14.89583409,42.5,0.7,172,2.391,60.48
2025-05-15 21:30:01,14.89584355,42.5,0.7,172,2.391,60.48
2025-05-15 22:30:00,14.93750078,45.1,1.8,179,2.391,155.52
2025-05-15 22:30:01,14.93751023,45.1,1.8,179,2.391,155.52
2025-05-15 23:00:01,14.95834183,46.1,3.2,174,2.391,276.48
2025-05-15 23:30:01,14.97917337,49.7,1.6,162,2.391,138.24
2025-05-16 00:00:00,15.00000465,52.4,2.9,180,2.391,250.56
2025-05-16 00:30:00,15.02083661,50.5,2.8,194,2.391,241.92
2025-05-16 01:00:00,15.04166756,54.1,2.4,148,2.391,207.36
2025-05-16 01:00:01,15.04167681,54.1,2.4,148,2.391,207.36
2025-05-16 01:30:01,15.06250748,91.1,3.1,181,3.774,267.84
2025-05-16 02:00:00,15.08333774,79.3,2.2,232,3.801,190.08
2025-05-16 02:30:00,15.10416978,70.2,1.9,268,3.801,164.16
2025-05-16 03:00:00,15.1250014,70.6,0.7,246,3.801,60.48
2025-05-16 03:00:01,15.12501108,70.6,0.7,246,3.801,60.48
2025-05-16 03:30:01,15.14584166,63.8,2.7,305,3.801,233.28
2025-05-16 04:00:01,15.16667328,42.6,3.5,280,3.801,302.4
2025-05-16 04:30:00,15.18750436,44.5,2.3,249,3.801,198.72
2025-05-16 05:00:00,15.20833551,43.2,2.3,263,3.801,198.72
2025-05-16 05:30:00,15.2291667,45.9,1.1,289,3.801,95.04
2025-05-16 05:30:01,15.22917615,45.9,1.1,289,3.801,95.04
2025-05-16 06:00:01,15.25000733,57.9,0.3,152,3.801,25.92
2025-05-16 06:30:01,15.27083941,61.4,0.1,306,3.801,8.64
2025-05-16 07:00:00,15.29167029,65.7,0.2,274,3.801,17.28
2025-05-16 07:30:00,15.31250072,73.4,0.1,121,3.801,8.64
2025-05-16 07:30:01,15.31250998,73.4,0.1,121,3.801,8.64
2025-05-16 08:00:01,15.33334049,72.6,0.1,30,3.801,8.64
2025-05-16 08:30:00,15.35417187,75.4,0.1,53,3.801,8.64
2025-05-16 09:00:00,15.37500296,78.1,0.1,118,3.801,8.64
2025-05-16 09:30:00,15.3958341,79.8,0.2,212,3.801,17.28
2025-05-16 09:30:01,15.39584409,79.8,0.2,212,3.801,17.28
2025-05-16 10:00:01,15.41667471,78.3,0.1,155,3.801,8.64
2025-05-16 10:30:01,15.43750588,75.6,0.1,51,3.801,8.64
2025-05-16 11:00:00,15.4583375,74.2,0.7,186,3.801,60.48
2025-05-16 11:30:00,15.47916915,72.8,0.2,334,3.801,17.28
2025-05-16 12:00:00,15.50000034,66.1,0.7,185,3.801,60.48
2025-05-16 12:00:01,15.50001034,66.1,0.7,185,3.801,60.48
2025-05-16 12:30:01,15.52084328,62.6,1.3,176,3.801,112.32
2025-05-16 13:30:00,15.56250101,55.9,0.3,240,3.801,25.92
2025-05-16 14:00:00,15.58333488,49.2,0.9,232,3.801,77.76
2025-05-16 14:00:01,15.58334415,49.2,0.9,232,3.801,77.76
2025-05-16 15:00:01,15.62500638,47.6,1.6,224,3.801,138.24
2025-05-16 15:30:00,15.64583839,43.7,2,255,3.801,172.8
2025-05-16 16:00:01,15.66667453,40.2,1.4,305,3.801,120.96
2025-05-16 16:30:01,15.68750628,36,2.3,194,3.801,198.72
2025-05-16 17:00:01,15.7083407,34,2.7,207,3.801,233.28
2025-05-16 17:30:01,15.72917305,32.1,1.3,139,3.801,112.32
2025-05-16 18:00:00,15.7500046,32.5,2,159,3.801,172.8
2025-05-16 18:30:00,15.7708365,27,3.1,177,3.801,267.84
2025-05-16 19:00:00,15.7916678,26.5,0.9,335,3.801,77.76
2025-05-16 19:00:01,15.79167727,26.5,0.9,335,3.801,77.76
2025-05-16 20:00:01,15.83333908,25.3,0.9,272,3.801,77.76
2025-05-16 20:30:01,15.85417252,24.2,0.9,180,3.801,77.76
2025-05-16 21:00:00,15.87500383,25,2,220,3.801,172.8
2025-05-16 21:30:00,15.89583551,24,1.9,307,3.801,164.16
2025-05-16 22:00:00,15.91666714,21.2,3.3,174,3.801,285.12
2025-05-16 22:00:01,15.91667659,21.2,3.3,174,3.801,285.12
2025-05-16 22:30:01,15.93750833,21.5,1.1,278,3.801,95.04
2025-05-16 23:00:01,15.95833898,25.8,1.7,191,3.801,146.88
2025-05-16 23:30:00,15.97917114,29.6,2.6,169,3.801,224.64
2025-05-17 00:30:00,16.02083659,47.1,0.9,203,3.801,77.76
2025-05-17 01:00:00,16.04166789,53.4,2.2,201,3.801,190.08
2025-05-17 01:00:01,16.04167735,53.4,2.2,201,3.801,190.08
2025-05-17 01:30:01,16.06250845,58.2,2.1,208,3.801,181.44
2025-05-17 02:00:01,16.0833393,59.4,3.3,240,3.801,285.12
2025-05-17 02:30:00,16.10417109,31,2.9,264,3.801,250.56
2025-05-17 03:00:00,16.12500226,29.3,0.9,252,3.801,77.76
2025-05-17 03:30:00,16.14583428,35,2.4,275,3.801,207.36
2025-05-17 03:30:01,16.1458445,35,2.3,277,3.801,198.72
2025-05-17 04:00:01,16.16667506,35.5,2.6,274,3.801,224.64
2025-05-17 04:30:01,16.18750617,36.9,4.6,264,3.801,397.44
2025-05-17 05:00:00,16.20833762,39,4,291,3.801,345.6
2025-05-17 05:30:00,16.22916874,42.4,3.6,283,3.801,311.04
2025-05-17 06:00:00,16.25000035,46,5.1,256,3.801,440.64
2025-05-17 06:00:01,16.25001035,46,5,258,3.801,432
2025-05-17 06:30:01,16.27084159,48.1,3.6,270,3.801,311.04
2025-05-17 07:00:01,16.29167248,49.2,3.6,260,3.801,311.04
2025-05-17 07:30:00,16.3125044,49.5,2.9,269,3.801,250.56
2025-05-17 08:00:00,16.33333616,54,3.9,273,3.801,336.96
2025-05-17 08:30:00,16.35416812,57.1,3.3,278,3.801,285.12
2025-05-17 08:30:01,16.35417765,57.1,3.9,284,3.801,336.96
2025-05-17 09:00:01,16.37500923,60.1,4.3,268,3.801,371.52
2025-05-17 09:30:01,16.39584091,61.7,7.6,259,3.801,656.64
2025-05-17 10:00:01,16.4166735,61.9,3,277,3.801,259.2
2025-05-17 10:30:01,16.43750627,61,2.3,261,3.801,198.72
2025-05-17 11:00:00,16.45833827,61.4,3.2,237,3.801,276.48
2025-05-17 11:30:00,16.47917049,61.8,2.4,251,3.801,207.36
2025-05-17 12:00:00,16.5000035,63.8,2.3,236,3.801,198.72
2025-05-17 12:30:00,16.52083544,64.4,2.8,321,3.801,241.92
2025-05-17 13:00:00,16.54166751,62.3,3.1,265,3.801,267.84
2025-05-17 13:30:00,16.56250071,61.1,2.4,256,3.801,207.36
2025-05-17 13:30:01,16.56251024,61.1,2.4,260,3.801,207.36
2025-05-17 14:00:01,16.58334264,60.8,2,228,3.801,172.8
2025-05-17 14:30:01,16.60417374,57.9,2.6,253,3.801,224.64
2025-05-17 15:30:00,16.64583602,59.5,2.3,231,3.801,198.72
2025-05-17 16:00:00,16.66666824,59.2,1.3,236,3.801,112.32
2025-05-17 16:00:01,16.66667766,59.2,1.3,239,3.801,112.32
2025-05-17 17:00:01,16.70834406,55.4,3.4,304,3.801,293.76
2025-05-17 17:30:01,16.72917609,55.7,2.6,236,3.801,224.64
2025-05-17 18:30:00,16.77083794,52,3.2,312,3.801,276.48
2025-05-17 19:00:00,16.79167132,45.5,4.7,259,3.801,406.08
2025-05-17 19:30:01,16.81250842,46.2,1.9,260,3.801,164.16
2025-05-17 20:00:01,16.83334147,44.9,2.3,281,3.801,198.72
2025-05-17 20:30:01,16.85417331,42.8,2.2,249,3.801,190.08
2025-05-17 22:00:00,16.91666688,40.9,4.8,244,3.801,414.72
2025-05-17 22:00:01,16.91667671,40.9,4.9,237,3.801,423.36
2025-05-17 22:30:01,16.93750796,40.8,3.2,284,3.801,276.48
2025-05-17 23:00:01,16.95834009,40.6,3,280,3.801,259.2
2025-05-18 00:00:00,17.00000243,42.1,1.6,254,3.801,138.24
2025-05-18 00:30:00,17.02083359,42.4,2.3,243,3.801,198.72
2025-05-18 00:30:01,17.02084317,42.4,2.2,238,3.801,190.08
2025-05-18 01:00:01,17.0416743,42.3,1.8,288,3.801,155.52
2025-05-18 01:30:01,17.06250665,44.3,1.9,281,3.801,164.16
2025-05-18 02:00:01,17.08333885,46.6,1.8,246,3.801,155.52
2025-05-18 02:30:00,17.10417056,45.8,1.2,255,3.801,103.68
2025-05-18 03:00:00,17.12500214,48.3,1.2,283,3.801,103.68
2025-05-18 03:30:00,17.14583378,50.2,1.4,271,3.801,120.96
2025-05-18 03:30:01,17.14584359,50.2,1.2,255,3.801,103.68
2025-05-18 04:00:01,17.16667493,52.8,1.2,242,3.801,103.68
2025-05-18 04:30:01,17.1875059,53.2,1.7,273,3.801,146.88
2025-05-18 05:00:00,17.20833813,55.4,0.8,225,3.801,69.12
2025-05-18 05:30:00,17.22916999,57,1.7,283,3.801,146.88
2025-05-18 06:00:00,17.25000109,60.5,1.1,264,3.801,95.04
2025-05-18 06:00:01,17.25001073,60.5,1.3,259,3.801,112.32
2025-05-18 06:30:01,17.27084277,62,1.1,252,3.801,95.04
2025-05-18 07:00:01,17.29167613,63,1.2,247,3.801,103.68
2025-05-18 07:30:01,17.31250842,64.1,1.1,281,3.801,95.04
2025-05-18 08:00:01,17.33333942,66.3,0.6,294,3.801,51.84
2025-05-18 08:30:00,17.35417066,68.2,0.8,238,3.801,69.12
2025-05-18 09:00:00,17.37500186,71.1,0.3,217,3.801,25.92
2025-05-18 09:30:00,17.39583372,72.6,0.3,252,3.801,25.92
2025-05-18 09:30:01,17.3958441,72.6,0.4,250,3.801,34.56
2025-05-18 10:00:01,17.41667627,73.6,0.9,241,0,77.76
2025-05-18 10:30:01,17.4375083,74.1,0.4,271,0,34.56
2025-05-18 11:00:00,17.45833866,74.7,0.6,310,0,51.84
2025-05-18 11:30:00,17.4791701,75.1,1,267,0,86.4
2025-05-18 12:00:00,17.50000109,72,0.9,282,0,77.76
2025-05-18 12:00:01,17.50001091,72.3,0.9,282,0,77.76
2025-05-18 12:30:01,17.52084265,73,0.7,46,0,60.48
2025-05-18 13:00:01,17.54167318,70.7,0.6,234,0,51.84
2025-05-18 14:00:00,17.58333793,68.6,0.7,241,0,60.48
2025-05-18 14:30:01,17.60417533,70.8,0.4,99,0,34.56
2025-05-18 15:00:01,17.62500794,71.4,0.2,19,0,17.28
2025-05-18 15:30:01,17.64584243,72.7,0.9,86,0,77.76
2025-05-18 16:00:01,17.6666746,70.1,1.1,81,0,95.04
2025-05-18 17:00:00,17.70833709,69.6,1.3,33,0,112.32
2025-05-18 17:30:00,17.72916959,69.2,1.2,87,0,103.68
2025-05-18 18:00:00,17.75000399,72.8,1.9,75,0,164.16
2025-05-18 18:30:00,17.77083517,70.1,0.7,125,0,60.48
2025-05-18 19:00:00,17.79166673,70.8,0.7,66,0,60.48
2025-05-18 19:30:00,17.81250196,69,2,42,0,172.8
2025-05-18 20:00:00,17.83333318,68.4,1.1,100,0,95.04
2025-05-18 20:00:01,17.83334319,68.4,1.1,106,0,95.04
2025-05-18 20:30:01,17.85417426,69.7,1.7,104,0,146.88
2025-05-18 21:30:01,17.89584049,68.1,1.6,133,0,138.24
2025-05-18 22:00:01,17.91667336,68.7,0.3,10,0,25.92
2025-05-18 22:30:00,17.93750545,68,1.8,77,0,155.52
2025-05-18 23:30:00,17.97916739,73,1,88,0,86.4
2025-05-19 00:00:01,18.0000088,73.3,0.9,136,0,77.76
2025-05-19 00:30:01,18.02084014,76.6,0.9,58,0,77.76
2025-05-19 01:00:01,18.0416728,79.8,0.6,39,0,51.84
2025-05-19 01:30:00,18.06250374,80.8,0.9,17,0,77.76
2025-05-19 02:00:00,18.08333627,79.8,1.1,56,0,95.04
2025-05-19 02:30:00,18.10416929,78.9,0.7,76,0,60.48
2025-05-19 03:00:00,18.12500214,77.4,0.6,36,0,51.84
2025-05-19 03:30:00,18.1458342,78.3,0.5,37,0,43.2
2025-05-19 04:00:00,18.16666654,80.9,0.3,110,0,25.92
2025-05-19 04:30:00,18.18750062,82.1,1,58,0,86.4
2025-05-19 04:30:01,18.1875104,82.1,1.1,62,0,95.04
2025-05-19 05:00:01,18.20834169,83.3,0.2,155,0,17.28
2025-05-19 05:30:00,18.22917197,82.7,0.8,349,0,69.12
2025-05-19 06:00:00,18.25000362,81.8,1.1,289,0,95.04
2025-05-19 06:30:00,18.27083508,82.3,0.8,41,0,69.12
2025-05-19 06:30:01,18.27084456,82.2,0.8,41,0,69.12
2025-05-19 07:00:01,18.29167673,82.4,1.3,77,0,112.32
2025-05-19 07:30:01,18.31250853,84.7,2.1,77,0,181.44
2025-05-19 08:00:01,18.33334212,85.7,0.3,62,0,25.92
2025-05-19 08:30:01,18.35417505,86.4,1.1,145,0,95.04
2025-05-19 09:00:01,18.37500702,86.4,1,40,0,86.4
2025-05-19 09:30:01,18.39583899,86,0.6,344,0,51.84
2025-05-19 10:00:00,18.41667066,86.4,1,64,0,86.4
2025-05-19 10:30:00,18.43750279,87.1,1.5,136,0,129.6
2025-05-19 11:00:00,18.45833439,87,1.6,42,0,138.24
2025-05-19 11:00:01,18.45834401,87,1.5,41,0,129.6
2025-05-19 11:30:01,18.47917627,86.2,1,43,0,86.4
2025-05-19 12:00:01,18.50000736,86.8,1.1,100,0,95.04
2025-05-19 13:00:00,18.5416701,83.4,0.9,118,0,77.76
2025-05-19 13:30:00,18.56250161,82.9,1.2,59,0,103.68
2025-05-19 14:00:00,18.58333483,82,1.4,76,0,120.96
2025-05-19 14:30:00,18.60416774,80.2,1.9,95,0,164.16
2025-05-19 15:00:00,18.62499993,83.9,1.6,33,0,138.24
2025-05-19 15:00:01,18.62501046,83.9,1.6,30,0,138.24
2025-05-19 15:30:01,18.6458429,77.8,1.5,120,0,129.6
2025-05-19 16:00:01,18.66667569,76.3,0.2,240,0,17.28
2025-05-19 16:30:01,18.68750715,76,2,124,0,172.8
2025-05-19 17:00:01,18.70834019,75.8,1.5,43,0,129.6
2025-05-19 17:30:00,18.72917129,75.4,2,99,0,172.8
2025-05-19 18:00:01,18.75000652,72.4,0.7,263,0,60.48
2025-05-19 19:00:00,18.79166779,69.8,0.8,90,0,69.12
2025-05-19 19:00:01,18.79167725,69.8,0.9,93,0,77.76
2025-05-19 19:30:01,18.81250949,72.6,1.2,139,0,103.68
2025-05-19 20:30:00,18.85417201,76.6,1.1,16,0,95.04
2025-05-19 21:00:00,18.87500533,79.6,1.2,80,0,103.68
2025-05-19 21:30:00,18.89583764,78.4,2.1,57,0,181.44
2025-05-19 22:00:00,18.91666882,80.5,0.8,116,0,69.12
2025-05-19 22:30:00,18.9375006,78.5,1.7,71,0,146.88
2025-05-19 23:00:00,18.95833616,79.4,0.7,267,0,60.48
2025-05-19 23:30:00,18.97916833,77,1.4,63,0,120.96
2025-05-20 00:00:00,19.00000033,79.8,0.6,140,0,51.84
2025-05-20 00:00:01,19.00001097,79.8,0.7,120,0,60.48
2025-05-20 00:30:01,19.02084269,82.5,1.2,61,0,103.68
2025-05-20 01:00:01,19.04167416,84.4,0.8,122,0,69.12
2025-05-20 01:30:00,19.06250532,84.6,0.3,224,0,25.92
2025-05-20 02:00:00,19.08333774,85.3,0.7,66,0,60.48
2025-05-20 02:30:00,19.10416961,85.6,0.6,1,0,51.84
2025-05-20 03:00:00,19.12500155,86.3,1.2,79,0,103.68
2025-05-20 03:30:00,19.14583464,78,1.6,81,0,138.24
2025-05-20 03:30:01,19.14584407,78,1.6,82,0,138.24
2025-05-20 04:00:01,19.16667668,75.2,2.8,55,0,241.92
2025-05-20 04:30:01,19.18750785,75.9,1.3,116,0,112.32
2025-05-20 05:00:01,19.2083394,76.4,0.8,35,0,69.12
2025-05-20 05:30:00,19.22917092,75.9,0.5,102,0,43.2
2025-05-20 06:00:00,19.25000193,76,1.1,94,0,95.04
2025-05-20 06:30:00,19.27083329,76.4,2,66,0,172.8
2025-05-20 06:30:01,19.27084323,76.4,1.9,65,0,164.16
2025-05-20 07:00:01,19.29167506,71.3,1.2,94,0,103.68
2025-05-20 07:30:01,19.31250613,71.9,1.3,109,0,112.32
2025-05-20 08:00:00,19.33333739,72.8,1.2,100,0,103.68
2025-05-20 08:30:00,19.35416933,68.3,1.7,112,0,146.88
2025-05-20 09:00:00,19.37499973,65.8,1.6,90,0,138.24
2025-05-20 09:00:01,19.37500991,65.8,1.5,95,0,129.6
2025-05-20 09:30:01,19.39584141,78.2,3.2,126,0.063,276.48
2025-05-20 10:00:01,19.4166739,87.9,1,88,0.25,86.4
2025-05-20 10:30:00,19.43750474,87.9,2.3,70,0.329,198.72
2025-05-20 11:00:00,19.45833662,89.9,1.5,108,0.538,129.6
2025-05-20 11:30:00,19.47916922,92.3,2,103,0.659,172.8
2025-05-20 12:00:00,19.50000098,90,3.1,109,0.736,267.84
2025-05-20 12:00:01,19.50001023,90,3.1,109,0.736,267.84
2025-05-20 12:30:01,19.520842,87.5,3.9,120,0.736,336.96
2025-05-20 13:00:01,19.54167464,88.5,1.4,109,0.745,120.96
2025-05-20 13:30:01,19.56250694,84.7,2.4,129,0.745,207.36
2025-05-20 14:00:00,19.58333841,83.1,3.1,111,0.745,267.84
2025-05-20 14:30:01,19.60417535,82.7,1.3,83,0.745,112.32
2025-05-20 15:00:01,19.62500697,82.6,2,114,0.745,172.8
2025-05-20 15:30:00,19.64583808,82.3,1.6,102,0.745,138.24
2025-05-20 16:00:01,19.6666727,82.8,1,145,0.745,86.4
2025-05-20 16:30:00,19.68750479,88.7,1.2,130,0.874,103.68
2025-05-20 17:00:00,19.70833745,89.2,0.9,66,0.874,77.76
2025-05-20 17:30:00,19.72916861,87.8,1.2,97,0.875,103.68
2025-05-20 18:00:00,19.7500001,86.3,1,109,0.875,86.4
2025-05-20 18:30:00,19.7708357,86.3,1.4,106,0.875,120.96
2025-05-20 19:00:00,19.79166679,85.2,1,109,0.875,86.4
2025-05-20 19:30:00,19.81250391,89.4,1.5,82,0.919,129.6
2025-05-20 20:30:00,19.85416817,89.9,2.3,101,0.947,198.72
2025-05-20 20:30:01,19.85417763,89.9,2.3,101,0.947,198.72
2025-05-20 21:00:01,19.87500844,88.9,2.5,115,0.947,216
2025-05-20 21:30:01,19.89583962,86,1.6,105,0.947,138.24
2025-05-20 22:00:00,19.91667008,88.3,2,85,0.99,172.8
2025-05-20 22:30:00,19.93750072,88.2,1.6,78,0.991,138.24
2025-05-20 23:00:00,19.95833444,87.8,1.4,114,0.991,120.96
2025-05-20 23:30:00,19.97916803,87.9,0.8,119,0.993,69.12
2025-05-20 23:30:01,19.97917747,87.9,0.8,119,0.993,69.12
2025-05-21 00:30:01,20.02084135,88.4,0.8,81,0.993,69.12
2025-05-21 01:00:00,20.0416721,88.3,0.9,86,0.993,77.76
2025-05-21 01:30:00,20.06250393,90.2,0.6,29,0.993,51.84
2025-05-21 02:00:00,20.08333586,92.7,1.3,53,0.993,112.32
2025-05-21 02:30:00,20.10416794,95.5,0.9,65,0.993,77.76
2025-05-21 03:00:00,20.12499997,97.2,0.4,98,0.993,34.56
2025-05-21 03:00:01,20.12501035,97.2,0.4,98,0.993,34.56
2025-05-21 03:30:01,20.14584204,97.9,0.4,277,0.993,34.56
2025-05-21 04:00:01,20.16667376,98.3,0.4,60,0.993,34.56
2025-05-21 04:30:00,20.18750474,98.5,0.5,93,0.993,43.2
2025-05-21 05:00:00,20.20833505,98.2,0.7,80,0.993,60.48
2025-05-21 05:00:01,20.20834436,98.2,0.7,80,0.993,60.48
2025-05-21 05:30:01,20.22917589,98.1,0.3,146,0.993,25.92
2025-05-21 06:00:01,20.25000824,98.3,0.5,39,0.993,43.2
2025-05-21 06:30:01,20.27083986,98.8,0.5,55,0.993,43.2
2025-05-21 07:00:00,20.29167212,98.9,0.8,56,0.993,69.12
2025-05-21 07:30:00,20.31250409,99.2,0.5,70,0.993,43.2
2025-05-21 08:00:00,20.33333539,99.1,0.1,351,0.993,8.64
2025-05-21 08:30:00,20.3541668,99.4,0.1,102,0.993,8.64
2025-05-21 08:30:01,20.35417622,99.4,0.1,102,0.993,8.64
2025-05-21 09:00:01,20.37500804,99.4,0.6,62,0.993,51.84
2025-05-21 09:30:01,20.3958399,99.4,0.2,63,0.993,17.28
2025-05-21 10:00:00,20.41667152,99.6,0.3,43,0.993,25.92
2025-05-21 10:30:00,20.43750269,99.4,0.3,70,0.993,25.92
2025-05-21 11:00:00,20.45833382,99.5,0.5,45,0.993,43.2
2025-05-21 11:00:01,20.45834344,99.5,0.5,45,0.993,43.2
2025-05-21 11:30:01,20.47917436,99.5,0.4,269,0.993,34.56
2025-05-21 12:00:01,20.50000609,99.5,0.3,130,0.994,25.92
2025-05-21 12:30:00,20.52083811,99.5,0.5,256,0.994,43.2
2025-05-21 13:00:00,20.54166974,99.9,0.2,128,0.994,17.28
2025-05-21 13:30:00,20.56250098,99.6,0.6,271,0.994,51.84
2025-05-21 13:30:01,20.56251025,99.6,0.6,271,0.994,51.84
2025-05-21 14:30:00,20.60417126,99.6,1.1,236,0.994,95.04
2025-05-21 15:30:01,20.64583965,98.3,1,272,0.994,86.4
2025-05-21 16:30:00,20.6875019,96.5,0.5,282,0.994,43.2
2025-05-21 17:00:00,20.70833375,95.6,0.5,341,1.013,43.2
2025-05-21 17:30:00,20.72916678,93.7,1.3,262,1.016,112.32
2025-05-21 17:30:01,20.72917627,93.7,1.3,262,1.016,112.32
2025-05-21 18:00:01,20.75000812,93.6,0.4,187,1.04,34.56
2025-05-21 19:00:00,20.79167157,91.1,0.6,320,1.042,51.84
2025-05-21 19:30:00,20.81250292,89.9,1.6,253,1.042,138.24
2025-05-21 20:00:00,20.83333515,92.9,2,237,1.042,172.8
2025-05-21 20:30:00,20.85416699,90.5,1,269,1.042,86.4
2025-05-21 20:30:01,20.85417644,90.5,1,269,1.042,86.4
2025-05-21 21:00:01,20.87500761,85.4,1.7,283,1.042,146.88
2025-05-21 22:00:00,20.91667091,91.9,1.1,272,1.042,95.04
2025-05-21 22:30:00,20.93750238,95.3,1.1,269,1.043,95.04
2025-05-21 23:00:00,20.95833357,96.5,1.9,239,1.051,164.16
2025-05-21 23:00:01,20.95834302,96.5,1.9,239,1.051,164.16
2025-05-22 00:30:00,21.02083668,94.7,0.4,264,1.062,34.56
2025-05-22 01:00:00,21.04166785,92.7,0.5,254,1.062,43.2
2025-05-22 01:30:00,21.06249999,93.8,0.2,321,1.062,17.28
2025-05-22 01:30:01,21.06250963,93.8,0.2,321,1.062,17.28
2025-05-22 02:00:01,21.08334177,92.4,1.2,258,1.062,103.68
2025-05-22 02:30:01,21.10417272,91,0.2,108,1.062,17.28
2025-05-22 03:00:00,21.12500383,92.9,0.2,204,1.062,17.28
2025-05-22 03:30:00,21.14583571,92.9,0.6,272,1.062,51.84
2025-05-22 04:00:00,21.16666717,91.9,0.3,189,1.062,25.92
2025-05-22 04:00:01,21.16667644,91.9,0.3,189,1.062,25.92
2025-05-22 04:30:01,21.18750869,91.7,1,275,1.062,86.4
2025-05-22 05:00:01,21.20833996,91.9,0.3,245,1.062,25.92
2025-05-22 05:30:00,21.22917102,92.2,1.4,269,1.063,120.96
2025-05-22 06:00:00,21.25000241,92.2,1.6,277,1.063,138.24
2025-05-22 06:30:00,21.27083344,91.6,0.9,250,1.063,77.76
2025-05-22 06:30:01,21.27084326,91.6,0.9,250,1.063,77.76
2025-05-22 07:00:01,21.2916741,92.1,0.8,264,1.063,69.12
2025-05-22 07:30:01,21.31250591,93.3,0.6,169,1.063,51.84
2025-05-22 08:00:00,21.33333749,95.8,0.2,326,1.063,17.28
2025-05-22 08:30:00,21.35416856,96.1,0.1,23,1.063,8.64
2025-05-22 09:00:00,21.37499973,94.6,0.3,55,1.063,25.92
2025-05-22 09:00:01,21.37500918,94.6,0.3,55,1.063,25.92
2025-05-22 09:30:01,21.39584077,93.4,0.6,318,1.066,51.84
2025-05-22 10:00:00,21.41667167,94.2,0.6,233,1.066,51.84
2025-05-22 10:30:00,21.4375027,93,0.5,271,1.067,43.2
2025-05-22 11:00:00,21.45833411,92,0.6,251,1.067,51.84
2025-05-22 11:00:01,21.45834377,92,0.6,251,1.067,51.84
2025-05-22 11:30:01,21.47917647,91.7,0.5,279,1.067,43.2
2025-05-22 12:00:01,21.50000762,90.5,0.6,278,1.067,51.84
2025-05-22 12:30:01,21.52083909,88.4,0.2,347,1.067,17.28
2025-05-22 13:00:00,21.54167099,85.7,0.2,323,1.067,17.28
2025-05-22 14:00:00,21.58333305,80.4,1.1,278,1.067,95.04
2025-05-22 14:30:01,21.60417222,74.3,0.6,310,1.067,51.84
2025-05-22 15:00:00,21.62500435,67,1.3,93,1.067,112.32
2025-05-22 15:30:00,21.64583641,68.3,1.1,224,1.067,95.04
2025-05-22 16:00:00,21.66666747,67.8,0.3,259,1.067,25.92
2025-05-22 16:00:01,21.66667789,67.8,0.5,254,1.067,43.2
2025-05-22 16:30:01,21.68750866,71.9,0.9,338,1.067,77.76
2025-05-22 17:30:00,21.7291691,64.6,1.1,355,1.067,95.04
2025-05-22 18:00:01,21.75000672,68,1.9,49,1.067,164.16
2025-05-22 18:30:00,21.77083785,72.1,0.3,324,1.067,25.92
2025-05-27 13:30:00,26.56250268,71.5,0.7,120,1.202,60.48
2025-05-27 14:30:01,26.60417376,67.3,0.9,151,1.202,77.76
2025-05-27 15:00:00,26.62500453,67,0.6,40,1.202,51.84
2025-05-27 15:30:00,26.64583687,65.8,1.5,328,1.202,129.6
2025-05-27 16:00:00,26.66666784,65.9,0.4,78,1.202,34.56
2025-05-27 16:00:01,26.66667789,65.9,0.5,125,1.202,43.2
2025-05-27 16:30:01,26.68750877,67.5,0.3,101,1.202,25.92
2025-05-27 17:00:01,26.70833994,65.5,1,68,1.202,86.4
2025-05-27 17:30:01,26.72917242,63.4,0.5,74,1.202,43.2
2025-05-27 18:00:00,26.75000413,61.7,0.6,47,1.202,51.84
2025-05-27 18:30:00,26.77083531,59.6,0.9,61,1.202,77.76
2025-05-27 19:00:00,26.79166642,62.5,1.1,55,1.202,95.04
2025-05-27 19:30:00,26.81250422,64.6,0.7,76,1.202,60.48
2025-05-27 20:30:00,26.85416658,67.9,0.2,64,1.226,17.28
2025-05-27 21:00:00,26.87500474,68.4,0.7,202,1.295,60.48
2025-05-27 21:30:00,26.89583667,59.2,0.4,222,1.3,34.56
2025-05-27 22:00:00,26.91666776,60.3,0.7,84,1.3,60.48
2025-05-27 22:00:01,26.91667775,60.3,0.8,87,1.3,69.12
2025-05-27 23:00:00,26.95833581,58.1,0.4,96,1.3,34.56
2025-05-27 23:30:00,26.97916795,61.9,0.8,306,1.3,69.12
2025-05-27 23:30:01,26.97917795,61.9,1,305,1.3,86.4
2025-05-28 00:30:00,27.02083588,61.1,0.8,40,1.3,69.12
2025-05-28 01:00:00,27.04166739,63.8,0.5,108,1.3,43.2
2025-05-28 01:00:01,27.04167702,63.8,0.3,341,1.3,25.92
2025-05-28 01:30:01,27.06250921,65.1,0.4,297,1.3,34.56
2025-05-28 02:00:01,27.0833405,66,0.6,105,1.3,51.84
2025-05-28 02:30:00,27.10417143,69,0.8,47,1.3,69.12
2025-05-28 03:00:00,27.12500445,71.2,0.2,147,1.3,17.28
2025-05-28 03:30:00,27.1458366,72.6,0.3,315,1.3,25.92
2025-05-28 04:00:00,27.1666686,75.3,0.4,184,1.3,34.56
2025-05-28 04:30:00,27.18749979,76,0.3,67,1.3,25.92
2025-05-28 04:30:01,27.18750925,76,0.3,69,1.3,25.92
2025-05-28 05:00:01,27.20834058,76.6,0.2,75,1.3,17.28
2025-05-28 05:30:00,27.22917173,77.4,0.1,76,1.3,8.64
2025-05-28 06:00:00,27.25000382,78.6,0.4,231,1.3,34.56
2025-05-28 06:30:00,27.27083533,79.6,0.1,82,1.3,8.64
2025-05-28 07:00:00,27.29166698,80.8,0.4,70,1.303,34.56
2025-05-28 07:00:01,27.29167721,80.8,0.4,69,1.303,34.56
2025-05-28 07:30:01,27.31250978,82.1,0.3,29,1.311,25.92
2025-05-28 08:00:01,27.33334095,86.8,0.1,48,1.327,8.64
2025-05-28 08:30:01,27.35417422,85.6,0.3,202,1.329,25.92
2025-05-28 09:00:00,27.37500508,87.4,0.1,182,1.329,8.64
2025-05-28 09:30:00,27.39583638,86.4,0.4,95,1.333,34.56
2025-05-28 10:00:00,27.41666741,87.6,0.2,253,1.337,17.28
2025-05-28 10:00:01,27.41667704,87.6,0.3,240,1.337,25.92
2025-05-28 10:30:01,27.43750931,88.1,0.3,283,1.337,25.92
2025-05-28 11:00:01,27.4583403,86.9,0.2,72,1.339,17.28
2025-05-28 11:30:00,27.47917168,88.4,0.1,49,1.34,8.64
2025-05-28 12:00:00,27.50000283,88.4,0.3,315,1.342,25.92
2025-05-28 12:30:00,27.52083505,87.4,0.3,288,1.369,25.92
2025-05-28 13:00:00,27.5416668,90.5,0.5,248,1.375,43.2
2025-05-28 14:00:01,27.58333981,95.1,1.6,279,1.625,138.24
2025-05-28 15:00:00,27.62500222,97.7,0.3,20,2.292,25.92
2025-05-28 15:30:00,27.6458332,97.8,0.5,224,2.484,43.2
2025-05-28 15:30:01,27.6458425,97.8,0.5,224,2.484,43.2
2025-05-28 16:00:01,27.66667382,98.2,0.3,19,2.528,25.92
2025-05-28 16:30:00,27.68750517,97.2,0.8,40,2.528,69.12
2025-05-28 17:00:00,27.70833629,87.7,0.4,150,2.528,34.56
2025-05-28 17:30:00,27.7291675,79.4,1.1,66,2.528,95.04
2025-05-28 17:30:01,27.72917768,79.4,1.1,66,2.528,95.04
2025-05-28 18:00:01,27.75000905,79,1.2,298,2.528,103.68
2025-05-28 18:30:01,27.77084008,75.5,1.8,70,2.528,155.52
2025-05-28 19:00:00,27.79167169,77.5,1.3,94,2.528,112.32
2025-05-28 19:30:00,27.81250288,77.3,1.3,62,2.528,112.32
2025-05-28 20:00:00,27.83333471,76.9,0.9,59,2.528,77.76
2025-05-28 21:00:00,27.87500326,72,0.6,205,2.528,51.84
2025-05-28 21:30:00,27.89583455,74.6,1.2,98,2.528,103.68
2025-05-28 21:30:01,27.89584404,74.6,1.2,98,2.528,103.68
2025-05-28 22:30:01,27.93750682,79.7,1.4,37,2.528,120.96
2025-05-28 23:00:00,27.95833796,78,1.1,115,2.528,95.04
2025-05-28 23:30:01,27.97917245,78.4,1.4,111,2.528,120.96
2025-05-29 00:30:00,28.02083837,87.4,0.7,199,2.528,60.48
2025-05-29 01:00:00,28.04166933,89.2,0.9,45,2.528,77.76
2025-05-29 01:30:00,28.06249971,92.6,0.7,318,2.528,60.48
2025-05-29 01:30:01,28.06250899,92.6,0.7,318,2.528,60.48
2025-05-29 02:00:01,28.08334146,93.2,0.1,148,2.528,8.64
2025-05-29 02:30:01,28.10417251,93.5,0.3,45,2.528,25.92
2025-05-29 03:00:00,28.12500363,93.6,0.4,108,2.528,34.56
2025-05-29 03:30:00,28.14583585,91.5,0.6,289,2.528,51.84
2025-05-29 04:00:00,28.1666679,91.1,0.5,321,2.528,43.2
2025-05-29 04:00:01,28.16667716,91.1,0.5,321,2.528,43.2
2025-05-29 04:30:01,28.18750852,90.5,0.8,129,2.528,69.12
2025-05-29 05:00:01,28.20833899,88.2,0.4,247,2.528,34.56
2025-05-29 05:30:00,28.22917145,88.1,0.2,160,2.528,17.28
2025-05-29 06:00:00,28.25000291,88.3,0.3,199,2.528,25.92
2025-05-29 06:30:00,28.27083448,87.9,0.2,245,2.528,17.28
2025-05-29 06:30:01,28.27084425,87.9,0.2,245,2.528,17.28
2025-05-29 07:00:01,28.291675,88,0.1,209,2.528,8.64
2025-05-29 07:30:01,28.31250597,90,0.1,319,2.528,8.64
2025-05-29 08:00:00,28.33333821,91.7,0.1,312,2.528,8.64
2025-05-29 08:30:00,28.35416954,93.5,0.3,294,2.528,25.92
2025-05-29 09:00:00,28.37500065,95,0.4,283,2.528,34.56
2025-05-29 09:00:01,28.37500992,95,0.4,283,2.528,34.56
2025-05-29 09:30:01,28.39584104,96.3,0.1,353,2.528,8.64
2025-05-29 10:00:01,28.41667251,96.9,0.6,275,2.528,51.84
2025-05-29 10:30:00,28.43750343,97.1,0.5,68,2.528,43.2
2025-05-29 11:00:00,28.45833478,97.4,0.5,291,2.528,43.2
2025-05-29 11:00:01,28.45834424,97.4,0.5,291,2.528,43.2
2025-05-29 11:30:01,28.47917611,96.8,0.7,259,2.528,60.48
2025-05-29 12:00:01,28.50000759,95.4,0.6,229,2.528,51.84
2025-05-29 12:30:01,28.52083893,92.2,0.8,269,2.528,69.12
2025-05-29 13:30:00,28.5625021,83.8,2.6,262,2.528,224.64
2025-05-29 14:00:00,28.58333594,80.8,1,282,2.528,86.4
2025-05-29 14:30:00,28.60416695,77.8,1.5,265,2.528,129.6
2025-05-29 15:00:00,28.62500354,73.7,1.4,229,2.528,120.96
2025-05-29 15:30:01,28.64583892,71.5,1.8,243,2.528,155.52
2025-05-29 16:30:00,28.68750327,65.3,1.3,233,2.528,112.32
2025-05-29 17:00:00,28.70833447,58.4,1.1,212,2.528,95.04
2025-05-29 18:00:00,28.75000366,54.2,1.3,265,2.528,112.32
2025-05-29 18:30:00,28.77083491,54.5,0.8,223,2.528,69.12
2025-05-29 18:30:01,28.77084454,54.5,0.8,223,2.528,69.12
2025-05-29 19:00:01,28.79167501,49.6,1,226,2.528,86.4
2025-05-29 20:00:01,28.83334077,48,2.6,276,2.528,224.64
2025-05-29 20:30:01,28.8541749,46.9,0.7,267,2.528,60.48
2025-05-29 21:00:01,28.87500594,52.4,0.2,318,2.528,17.28
2025-05-29 21:30:00,28.89583752,60.5,0.1,45,2.528,8.64
2025-05-29 22:00:00,28.91666912,63.1,0.7,50,2.528,60.48
2025-05-29 22:30:00,28.93750056,59,0.4,39,2.528,34.56
2025-05-29 22:30:01,28.93751003,59,0.4,39,2.528,34.56
2025-05-29 23:00:01,28.95834102,57.3,0.2,59,2.528,17.28
2025-05-29 23:30:01,28.97917324,58.2,0.2,22,2.528,17.28
2025-05-30 00:00:01,29.00000946,57.4,0.7,84,2.528,60.48
2025-05-30 00:30:01,29.020842,59.2,0.2,302,2.528,17.28
2025-05-30 01:00:01,29.04167352,62.6,0.4,340,2.528,34.56
2025-05-30 01:30:00,29.06250453,66.4,0.5,277,2.528,43.2
2025-05-30 02:00:00,29.08333503,71.1,0.1,129,2.528,8.64
2025-05-30 02:30:00,29.10416698,73.8,0.2,310,2.528,17.28
2025-05-30 02:30:01,29.10417644,73.8,0.2,310,2.528,17.28
2025-05-30 03:00:01,29.12500803,79.6,0.2,34,2.528,17.28
2025-05-30 03:30:01,29.14583912,83.6,0.3,70,2.528,25.92
2025-05-30 04:00:00,29.16667122,82.9,0.1,5,2.528,8.64
2025-05-30 04:30:00,29.18750214,86.1,0.1,317,2.528,8.64
2025-05-30 05:00:00,29.2083335,88.6,0.1,312,2.528,8.64
2025-05-30 05:00:01,29.2083433,88.6,0.1,319,2.528,8.64
2025-05-30 05:30:01,29.22917407,90.6,0.4,281,2.528,34.56
2025-05-30 06:00:01,29.25000651,91.7,0.4,298,2.528,34.56
2025-05-30 06:30:00,29.27083847,92.9,0.2,263,2.528,17.28
2025-05-30 07:00:00,29.29166942,93.6,0.1,133,2.528,8.64
2025-05-30 07:30:00,29.31250069,94.6,0.2,47,2.528,17.28
2025-05-30 07:30:01,29.31251014,94.6,0.2,46,2.528,17.28
2025-05-30 08:00:01,29.33334127,94.8,0.4,298,2.528,34.56
2025-05-30 08:30:01,29.35417245,95.2,0.4,285,2.528,34.56
2025-05-30 09:00:00,29.37500373,95.7,0.3,264,2.528,25.92
2025-05-30 09:30:00,29.39583571,95.3,0.4,269,2.528,34.56
2025-05-30 10:00:00,29.41666688,95,0.4,288,2.528,34.56
2025-05-30 10:00:01,29.41667745,95,0.4,288,2.528,34.56
2025-05-30 10:30:01,29.43750972,94.2,0.4,281,2.528,34.56
2025-05-30 11:00:01,29.45834091,93.4,0.7,242,2.528,60.48
2025-05-30 11:30:01,29.47917286,87.3,0.4,270,2.528,34.56
2025-05-30 12:00:00,29.5000039,83,0.6,255,2.528,51.84
2025-05-30 12:30:00,29.52083533,78.2,0.5,227,2.528,43.2
2025-05-30 13:00:00,29.54166739,65.2,0.6,225,2.528,51.84
2025-05-30 13:30:00,29.56250034,59.7,0.7,170,2.528,60.48
2025-05-30 13:30:01,29.56251089,59.7,0.8,169,2.528,69.12
2025-05-30 14:00:01,29.58334214,54.5,2.5,236,2.528,216
2025-05-30 14:30:01,29.60417335,51.1,1.4,246,2.528,120.96
2025-05-30 15:00:00,29.62500468,48.5,1.5,267,2.528,129.6
2025-05-30 15:30:00,29.64583618,47,0.3,301,2.528,25.92
2025-05-30 16:30:00,29.68749991,45.6,1,58,2.528,86.4
2025-05-30 16:30:01,29.68750992,45.6,0.9,53,2.528,77.76
2025-05-30 17:00:01,29.70834143,44.3,0.8,240,2.528,69.12
2025-05-30 17:30:01,29.72917329,43.8,1.4,263,2.528,120.96
2025-05-31 15:00:00,30.62500431,69.8,1.3,33,2.544,112.32
2025-05-31 15:30:01,30.64583939,66.5,1.5,2,2.544,129.6
2025-05-31 16:00:00,30.66667055,66.3,0.7,73,2.544,60.48
2025-05-31 16:30:00,30.68750278,65.2,1.2,53,2.544,103.68
2025-05-31 17:00:00,30.7083348,62.8,1.6,114,2.544,138.24
2025-05-31 17:00:01,30.70834456,62.8,1.6,115,2.544,138.24
2025-05-31 17:30:01,30.72917535,63.3,0.5,341,2.544,43.2
2025-05-31 18:00:01,30.75000663,66.7,1,97,2.544,86.4
2025-05-31 19:00:00,30.79166688,59.1,0.9,101,2.544,77.76
2025-05-31 19:00:01,30.79167633,59.1,0.9,106,2.544,77.76
2025-05-31 20:00:01,30.8333415,55.6,1,90,2.544,86.4
2025-05-31 21:00:00,30.87500014,46.8,1.7,83,2.544,146.88
2025-05-31 21:30:00,30.89583856,41.6,1,62,2.544,86.4
2025-05-31 22:30:00,30.93750059,39.5,1,94,2.544,86.4
2025-05-31 22:30:01,30.93751004,39.5,0.9,95,2.544,77.76
2025-05-31 23:00:01,30.95834116,39.1,0.4,24,2.544,34.56
2025-05-31 23:30:01,30.97917251,40.4,0.7,100,2.544,60.48
2025-06-01 00:00:00,31.00000385,39,0.6,221,2.544,51.84
