timestamp,time_elapsed_days,Humidity (%),Wind Speed (m/s),Wind Direction (Degrees from True North),Rain Accumulation (cm),Unnamed: 6,time difference between steps,Unnamed: 8,Wind Speed (km/day)
2025-05-01 00:00:00,0,63.8,1.8,54,43.372,,5.04031E-06,,155.52
2025-05-01 00:30:01,0.020839238,65,0.4,100,43.372,,9.23055E-07,,34.56
2025-05-01 01:00:00,0.04167105,62.3,1.1,58,43.372,,9.63965E-07,,95.04
2025-05-01 01:30:01,0.062504614,62.1,1.2,92,43.372,,1.04063E-06,,103.68
2025-05-01 02:00:00,0.083336828,62.5,2,49,43.372,,9.71383E-07,,172.8
2025-05-01 02:30:00,0.104169237,63.1,1.2,57,43.372,,9.31684E-07,,103.68
2025-05-01 03:00:00,0.125001617,60.9,2.7,42,43.372,,9.2092E-07,,233.28
2025-05-01 03:30:00,0.145834665,62.1,1.8,76,43.372,,1.09428E-06,,155.52
2025-05-01 04:00:00,0.166667018,64.4,1.1,56,43.372,,1.22122E-06,,95.04
2025-05-01 04:30:00,0.187498942,65.2,1.4,28,43.372,,9.16748E-07,,120.96
2025-05-01 05:00:00,0.208335247,63.4,1.6,85,43.372,,1.02213E-06,,138.24
2025-05-01 05:30:00,0.229166668,68.9,1.3,51,43.382,,9.11449E-07,,112.32
2025-05-01 05:30:01,0.22917646,68.9,1.3,51,43.382,,0.0208233,,112.32
2025-05-01 06:00:01,0.250008838,73,1.1,62,43.414,,1.0317E-06,,95.04
2025-05-01 06:30:01,0.270839729,77.9,1.4,42,43.451,,8.96574E-07,,120.96
2025-05-01 07:00:00,0.2916706,82.8,2.3,46,43.474,,9.52761E-07,,198.72
2025-05-01 07:30:00,0.312503001,83.7,1.1,35,43.532,,9.27941E-07,,95.04
2025-05-01 08:00:00,0.333337094,86.9,1.9,33,43.592,,1.00971E-06,,164.16
2025-05-01 08:30:00,0.354169883,91.2,2.2,48,43.84,,9.02723E-07,,190.08
2025-05-01 09:00:00,0.375001656,96.7,1.3,70,44.188,,9.23401E-07,,112.32
2025-05-01 09:30:00,0.395833322,95.8,2.4,54,44.19,,1.00542E-06,,207.36
2025-05-01 09:30:01,0.395843508,95.8,2.4,54,44.19,,0.020821966,,207.36
2025-05-01 10:00:01,0.416676219,95.8,3.3,44,44.205,,0.020823142,,285.12
2025-05-01 10:30:01,0.437508627,95.5,3.6,53,44.205,,1.23303E-06,,311.04
2025-05-01 11:00:01,0.458340518,94.7,0.4,26,44.205,,2.33106E-06,,34.56
2025-05-01 11:30:01,0.479173324,95.4,1.9,78,44.222,,9.36179E-07,,164.16
2025-05-01 12:00:01,0.500008461,96.4,1.1,59,44.227,,9.5798E-07,,95.04
2025-05-01 12:30:01,0.520839659,98.7,1.2,72,44.475,,1.85343E-06,,103.68
2025-05-01 14:30:00,0.604165753,97,0.9,184,44.542,,1.22005E-06,,77.76
2025-05-01 14:30:01,0.604176158,97,0.9,184,44.542,,0.020822707,,77.76
2025-05-01 15:00:01,0.625008138,96.8,1.2,166,44.542,,8.91646E-07,,103.68
2025-05-01 15:30:01,0.64584094,94.4,2.4,161,44.542,,9.60961E-07,,207.36
2025-05-01 16:00:01,0.666672565,92,2.4,202,44.542,,9.98426E-07,,207.36
2025-05-01 16:30:00,0.687504423,86,5,156,44.553,,1.44082E-06,0.104157899,432
2025-05-01 17:30:00,0.729168239,90.1,3.9,209,44.63,,9.49549E-07,,336.96
2025-05-01 18:00:00,0.750002037,75.8,2.4,264,44.631,,4.65975E-06,,207.36
2025-05-01 19:00:01,0.791676636,70.6,4.4,220,44.631,,0.062496678,,380.16
2025-05-01 21:00:01,0.875005857,74.6,6.9,248,44.631,,1.48998E-06,,596.16
2025-05-02 01:30:00,1.062499617,75,5.8,235,44.631,,9.36662E-07,,501.12
2025-05-02 01:30:01,1.062509427,75,5.5,237,44.631,,0.020822973,,475.2
2025-05-02 02:00:01,1.083341695,77.5,2.5,254,44.631,,1.02819E-06,,216
2025-05-02 02:30:01,1.104173925,78.1,4.7,260,44.631,,1.00682E-06,,406.08
2025-05-02 03:00:01,1.125006296,79.2,1.9,254,44.631,,1.043E-06,,164.16
2025-05-02 04:00:00,1.166666927,80.6,2.3,267,44.631,,1.76755E-06,,198.72
2025-05-02 04:30:00,1.187500391,81.2,1.9,272,44.631,,1.06899E-06,,164.16
2025-05-02 05:00:00,1.208332659,82.1,2.1,254,44.631,,3.98427E-06,,181.44
2025-05-02 05:30:00,1.229169537,81.1,1.9,5,44.631,,1.11088E-06,,164.16
2025-05-02 06:00:00,1.250000905,79.4,0.9,300,44.631,,9.40184E-07,,77.76
2025-05-02 06:30:00,1.270832607,80.2,0.7,286,44.631,,9.77E-07,,60.48
2025-05-02 06:30:01,1.270842232,80.2,0.7,274,44.631,,9.36746E-07,,60.48
2025-05-02 07:00:01,1.291673946,81.4,1.7,262,44.631,,9.0758E-07,,146.88
2025-05-02 07:30:01,1.312505412,82.3,0.8,235,44.631,,9.8502E-07,,69.12
2025-05-02 08:00:00,1.33333765,83.7,1.1,346,44.631,,1.06903E-06,,95.04
2025-05-02 08:30:00,1.354170812,94.8,1.5,56,44.631,,1.7929E-06,,129.6
2025-05-02 09:00:00,1.375003645,96.1,0.9,72,44.631,,9.15085E-07,,77.76
2025-05-02 09:30:00,1.395834854,96.9,3.7,46,44.631,,9.25418E-07,,319.68
2025-05-02 10:00:00,1.416668288,96.7,1.9,58,44.631,,1.069E-06,,164.16
2025-05-02 10:30:01,1.437505818,98.6,2.6,57,44.631,,2.951E-06,,224.64
2025-05-02 11:00:01,1.458339024,98.1,1.7,57,44.631,,9.9024E-07,,146.88
2025-05-02 11:30:00,1.479170955,96,2.8,47,44.631,,1.10554E-06,,241.92
2025-05-02 12:00:00,1.500003209,96.2,2.6,53,44.635,,9.85246E-07,,224.64
2025-05-02 13:00:00,1.541665799,96.9,2.1,1,44.638,,9.77531E-07,,181.44
2025-05-02 14:00:00,1.583333353,92.2,3.2,25,44.64,,1.13099E-06,,276.48
2025-05-02 15:30:00,1.645834683,82.2,2.4,350,44.64,,1.34176E-06,,207.36
2025-05-02 17:30:01,1.729173676,73.4,1.1,45,44.64,,0.020835897,,95.04
2025-05-02 19:00:00,1.79166986,68.5,1.5,34,44.64,,6.97247E-06,,129.6
2025-05-02 19:30:01,1.812506875,67.9,2.3,350,44.64,,8.86159E-07,,198.72
2025-05-02 21:30:00,1.895836488,70.7,1.8,51,44.64,,9.26204E-07,,155.52
2025-05-03 00:00:01,2.000009258,72.6,2.6,52,44.64,,0.020823621,,224.64
2025-05-03 00:30:01,2.020841775,75.2,2.7,40,44.64,,9.40836E-07,,233.28
2025-05-03 02:30:01,2.104173073,79.3,1.7,44,44.64,,1.23706E-06,,146.88
2025-05-03 03:00:01,2.125006492,74,2.4,43,44.64,,1.51041E-06,,207.36
2025-05-03 04:00:00,2.166666233,75.6,2,50,44.646,,9.29765E-07,,172.8
2025-05-03 04:30:00,2.187499282,77,1.6,18,44.649,,1.20524E-06,,138.24
2025-05-03 05:00:00,2.208332496,78.5,2.4,9,44.667,,9.38848E-07,,207.36
2025-05-03 05:30:00,2.229165643,79.4,2.3,23,44.678,,1.02628E-06,,198.72
2025-05-03 06:00:00,2.250001803,77.8,1.2,30,44.678,,,,103.68
2025-05-03 06:30:00,2.270836554,74.2,4.6,28,44.678,,,,397.44
2025-05-03 07:00:01,2.291671218,77.1,2.5,17,44.678,,,,216
2025-05-03 08:00:00,2.333334717,79.9,1.9,355,44.678,,,,164.16
2025-05-03 08:30:00,2.354170441,83.4,3.6,7,44.678,,,,311.04
2025-05-03 09:00:01,2.375005729,86.9,1.8,19,44.678,,,,155.52
2025-05-03 09:30:01,2.39583898,88.6,3.8,16,44.678,,,,328.32
2025-05-03 10:00:00,2.416671191,89.5,3.5,1,44.678,,,,302.4
2025-05-03 10:30:01,2.437504954,90.6,5.4,11,44.678,,,,466.56
2025-05-03 11:00:00,2.458337171,89.3,3.7,15,44.678,,,,319.68
2025-05-03 11:30:00,2.479169141,89.2,5.2,13,44.678,,,,449.28
2025-05-03 13:00:00,2.541668568,83.5,4.6,23,44.678,,,,397.44
2025-05-03 16:30:00,2.687499023,78.7,5,13,44.678,,,,432
2025-05-03 16:30:01,2.687509781,78.7,4.7,13,44.678,,,,406.08
2025-05-03 18:00:00,2.75000275,80.1,3.3,45,44.678,,,,285.12
2025-05-03 19:00:01,2.791673163,82.2,4.4,42,44.678,,,,380.16
2025-05-03 21:30:01,2.895841602,74.2,2.6,37,44.678,,,,224.64
2025-05-03 22:00:01,2.916675201,70.9,5.4,3,44.678,,,,466.56
2025-05-03 22:30:01,2.937507215,67.7,4.9,24,44.678,,,,423.36
2025-05-04 00:30:01,3.020840734,77.6,6.3,357,44.678,,,,544.32
2025-05-04 02:00:00,3.083335869,79.9,4.5,354,44.678,,,,388.8
2025-05-04 02:30:00,3.104168189,80.3,2.1,352,44.678,,,,181.44
2025-05-04 03:00:00,3.125000099,80.1,2.9,348,44.678,,,,250.56
2025-05-04 03:30:00,3.14583236,78.6,6.3,20,44.678,,,,544.32
2025-05-04 04:00:00,3.166667403,78.7,2.5,16,44.678,,,,216
2025-05-04 04:30:00,3.187499107,78.5,2.7,357,44.678,,,,233.28
2025-05-04 04:30:01,3.187509491,78.5,2.8,349,44.678,,,,241.92
2025-05-04 05:00:01,3.208341322,79.1,2.6,333,44.678,,,,224.64
2025-05-04 05:30:01,3.229174988,79.9,2.9,24,44.678,,,,250.56
2025-05-04 06:00:01,3.250008617,79.1,4.4,17,44.678,,,,380.16
2025-05-04 06:30:01,3.270842449,79.3,1.8,16,44.678,,,,155.52
2025-05-04 07:00:01,3.291675884,80.3,5.1,12,44.678,,,,440.64
2025-05-04 07:30:01,3.312508908,78.1,3.3,14,44.678,,,,285.12
2025-05-04 08:00:01,3.333343376,78.1,3.1,9,44.678,,,,267.84
2025-05-04 08:30:01,3.35417595,77.7,3.4,20,44.678,,,,293.76
2025-05-04 09:00:01,3.375008427,79.7,3.5,7,44.678,,,,302.4
2025-05-04 09:30:01,3.395841182,81.8,3.5,28,44.678,,,,302.4
2025-05-04 10:00:01,3.416673319,83.7,3,25,44.678,,,,259.2
2025-05-04 11:00:01,3.45833914,86.6,2.2,6,44.678,,,,190.08
2025-05-04 11:30:01,3.47917126,86.5,1.2,38,44.678,,,,103.68
2025-05-04 12:00:00,3.500003402,86.7,2.1,25,44.678,,,,181.44
2025-05-04 14:30:00,3.604168464,75.8,1.7,1,44.678,,,,146.88
2025-05-04 16:30:01,3.687505621,58,3.2,24,44.678,,,,276.48
2025-05-04 19:30:00,3.812501785,58.8,4.7,29,44.678,,,,406.08
2025-05-04 21:00:00,3.87500048,72.5,4.1,19,44.774,,,,354.24
2025-05-04 22:00:00,3.916669067,83.1,3.1,13,45.213,,,,267.84
2025-05-04 23:30:00,3.979167599,86.6,2.9,17,45.43,,,,250.56
2025-05-05 00:30:01,4.020841095,92,2.2,10,45.58,,,,190.08
2025-05-05 02:00:01,4.083340046,89.1,2.3,18,45.58,,,,198.72
2025-05-05 02:30:01,4.104172525,86.1,2.1,3,45.58,,,,181.44
2025-05-05 03:00:01,4.125004863,77.5,1.7,28,45.58,,,,146.88
2025-05-05 04:30:01,4.187505971,78,4.5,11,45.58,,,,388.8
2025-05-05 13:30:00,4.562500065,92.6,1.3,49,45.688,,,,112.32
2025-05-05 16:00:01,4.666676421,88.4,1.9,59,45.688,,,,164.16
2025-05-05 17:00:00,4.708333623,84.5,2.8,91,45.688,,,,241.92
2025-05-05 19:00:00,4.791665805,69.1,0.4,157,45.688,,,,34.56
2025-05-05 19:30:01,4.812506391,77.7,3.1,54,45.688,,,,267.84
2025-05-05 22:00:00,4.916667493,70.3,3.5,349,45.688,,,,302.4
2025-05-05 22:30:01,4.937506876,73,3.5,13,45.688,,,,302.4
2025-05-05 23:00:00,4.958337859,73.1,3.5,3,45.688,,,,302.4
2025-05-05 23:30:00,4.979169168,75.1,1.7,338,45.688,,,,146.88
2025-05-06 00:00:00,5.000003581,77.2,2.4,22,45.688,,,,207.36
2025-05-06 00:30:01,5.020842543,79.5,1.6,18,45.688,,,,138.24
2025-05-06 01:30:01,5.062508516,83.3,1.8,6,45.688,,,,155.52
2025-05-06 03:00:01,5.125007418,91,0.5,54,45.688,,,,43.2
2025-05-06 05:00:01,5.208339041,94.9,0.7,205,45.688,,,,60.48
2025-05-06 05:30:01,5.229173184,94.3,0.5,334,45.688,,,,43.2
2025-05-06 12:30:00,5.520835979,85.7,0.8,230,45.688,,,,69.12
2025-05-06 14:30:00,5.604170479,64.3,2.2,240,45.688,,,,190.08
2025-05-06 16:30:00,5.687503764,47.5,2.9,251,45.688,,,,250.56
2025-05-06 17:00:01,5.708339647,50.9,2.8,215,45.688,,,,241.92
2025-05-06 18:30:01,5.770843388,40.6,2.8,256,45.688,,,,241.92
2025-05-06 22:00:00,5.916667967,40.4,1.7,44,45.688,,,,146.88
2025-05-06 23:00:01,5.958340219,43.2,1.7,39,45.688,,,,146.88
2025-05-07 00:30:00,6.020835198,56.8,1.1,69,45.688,,,,95.04
2025-05-07 14:30:00,6.604166099,48.6,1.5,90,45.688,,,,129.6
2025-05-07 16:00:00,6.666669615,53.7,1.8,58,45.688,,,,155.52
2025-05-07 16:30:00,6.687500718,58.3,3.5,31,45.688,,,,302.4
2025-05-07 16:30:01,6.687509986,58.3,3.5,31,45.688,,,,302.4
2025-05-07 17:00:01,6.708341388,61.7,2,12,45.688,,,,172.8
2025-05-07 17:30:01,6.729172592,66,3.1,37,45.688,,,,267.84
2025-05-07 18:00:00,6.750003877,63.9,6.4,22,45.688,,,,552.96
2025-05-07 18:30:00,6.770835409,66.1,4.1,21,45.688,,,,354.24
2025-05-07 19:00:00,6.791666947,68.1,6.1,21,45.688,,,,527.04
2025-05-07 19:00:01,6.791676981,68.1,6.1,21,45.688,,,,527.04
2025-05-07 19:30:01,6.812509001,66.3,3.5,21,45.688,,,,302.4
2025-05-07 20:00:01,6.833339761,68.7,8.9,7,45.688,,,,768.96
2025-05-07 20:30:00,6.854170724,69.5,5.2,45,45.688,,,,449.28
2025-05-07 21:00:00,6.875002019,67.9,6.2,10,45.688,,,,535.68
2025-05-07 21:30:00,6.895833319,65.6,6.9,0,45.688,,,,596.16
2025-05-07 21:30:01,6.895842948,65.6,6.9,0,45.688,,,,596.16
2025-05-07 22:00:01,6.916674829,65.1,7,349,45.688,,,,604.8
2025-05-07 22:30:01,6.937506912,65.6,4.2,13,45.688,,,,362.88
2025-05-07 23:00:01,6.958338559,65.6,6.3,27,45.688,,,,544.32
2025-05-07 23:30:00,6.97916912,67.8,4.8,353,45.688,,,,414.72
2025-05-08 00:00:00,7.000000429,69.4,4.3,16,45.688,,,,371.52
2025-05-08 00:00:01,7.00000973,69.4,4.3,16,45.688,,,,371.52
2025-05-08 00:30:01,7.020841008,71.1,7.1,351,45.688,,,,613.44
2025-05-08 01:00:01,7.041672231,72.5,4.6,9,45.688,,,,397.44
2025-05-08 01:30:00,7.06250369,72.5,3.1,23,45.688,,,,267.84
2025-05-08 02:00:00,7.083334686,72.9,3.4,33,45.688,,,,293.76
2025-05-08 02:30:00,7.104165783,72.8,5.4,12,45.688,,,,466.56
2025-05-08 02:30:01,7.104175221,72.8,5.4,12,45.688,,,,466.56
2025-05-08 03:00:01,7.125006531,73.3,5.7,12,45.688,,,,492.48
2025-05-08 03:30:01,7.145838834,73.3,3.7,43,45.688,,,,319.68
2025-05-08 04:00:00,7.166670494,73.4,3,22,45.688,,,,259.2
2025-05-08 04:30:00,7.187504017,72.6,3.9,6,45.688,,,,336.96
2025-05-08 05:00:00,7.208336713,72.6,3.9,350,45.688,,,,336.96
2025-05-08 05:30:00,7.229169185,73.1,3.5,35,45.688,,,,302.4
2025-05-08 06:00:00,7.250001361,73.8,5.4,12,45.688,,,,466.56
2025-05-08 06:30:00,7.270832225,75.3,4.1,9,45.688,,,,354.24
2025-05-08 06:30:01,7.270841499,75.3,4.1,9,45.688,,,,354.24
2025-05-08 07:00:01,7.291672857,75.9,3.4,21,45.688,,,,293.76
2025-05-08 07:30:00,7.312504183,77.8,3.1,36,45.688,,,,267.84
2025-05-08 08:00:00,7.333335193,80.2,6,26,45.688,,,,518.4
2025-05-08 08:30:00,7.354166549,81.8,3.3,346,45.688,,,,285.12
2025-05-08 08:30:01,7.354176647,81.8,3.3,346,45.688,,,,285.12
2025-05-08 09:00:01,7.375007856,82.9,4.2,10,45.688,,,,362.88
2025-05-08 09:30:01,7.395839147,80.4,3.3,30,45.688,,,,285.12
2025-05-08 10:00:01,7.41667125,78.9,4.5,14,45.688,,,,388.8
2025-05-08 10:30:00,7.437502624,80.7,1.4,340,45.688,,,,120.96
2025-05-08 11:00:00,7.458333073,79.9,3.2,13,45.688,,,,276.48
2025-05-08 11:00:01,7.458342332,79.9,3.2,13,45.688,,,,276.48
2025-05-08 11:30:01,7.479173559,77.1,2.6,33,45.688,,,,224.64
2025-05-08 12:00:00,7.500004474,77.1,3.3,47,45.688,,,,285.12
2025-05-08 12:30:00,7.520837119,77.2,2.2,60,45.688,,,,190.08
2025-05-08 13:00:00,7.541668871,76.4,1.7,38,45.688,,,,146.88
2025-05-08 13:30:00,7.562501265,74.7,2.1,37,45.688,,,,181.44
2025-05-08 14:00:00,7.583332657,73.2,2.7,40,45.688,,,,233.28
2025-05-08 14:00:01,7.58334211,73.2,2.8,38,45.688,,,,241.92
2025-05-08 14:30:01,7.604174492,69.8,3.5,51,45.688,,,,302.4
2025-05-08 15:00:01,7.625006302,68,2.9,30,45.688,,,,250.56
2025-05-08 15:30:01,7.645838045,66.6,1.8,66,45.688,,,,155.52
2025-05-08 16:00:00,7.666671122,65.4,4.4,2,45.688,,,,380.16
2025-05-08 16:30:00,7.6875016,61.8,3.3,51,45.688,,,,285.12
2025-05-08 17:00:00,7.708333607,61.6,6.4,9,45.688,,,,552.96
2025-05-08 17:00:01,7.7083436,61.6,6.2,13,45.688,,,,535.68
2025-05-08 17:30:01,7.729175384,60.3,1.9,63,45.688,,,,164.16
2025-05-08 18:00:01,7.750007592,59.4,1.8,65,45.688,,,,155.52
2025-05-08 18:30:01,7.770839637,59.3,3.5,60,45.688,,,,302.4
2025-05-08 19:00:01,7.791673243,61.3,6.1,28,45.688,,,,527.04
2025-05-08 19:30:01,7.812504878,62.7,7.8,20,45.688,,,,673.92
2025-05-08 20:00:00,7.833336571,61.7,5.8,7,45.688,,,,501.12
2025-05-08 20:30:00,7.854171116,60.1,9.7,11,45.688,,,,838.08
2025-05-08 21:00:00,7.875002758,60.2,4,19,45.688,,,,345.6
2025-05-08 21:30:00,7.895834107,61,6.3,30,45.688,,,,544.32
2025-05-08 22:00:00,7.916666954,62.3,8.4,358,45.688,,,,725.76
2025-05-08 22:00:01,7.916676891,62.3,8.1,356,45.688,,,,699.84
2025-05-08 22:30:01,7.937509699,61.5,7.4,358,45.688,,,,639.36
2025-05-08 23:00:01,7.95834098,60.1,3.3,21,45.688,,,,285.12
2025-05-08 23:30:01,7.979173522,57.2,5.2,32,45.689,,,,449.28
2025-05-09 00:00:01,8.000007214,58.7,3.1,355,45.689,,,,267.84
2025-05-09 00:30:01,8.02083926,63,3.8,20,45.689,,,,328.32
2025-05-09 01:00:01,8.041672349,67.5,3,342,45.689,,,,259.2
2025-05-09 01:30:00,8.062502689,69.1,3.8,1,45.689,,,,328.32
2025-05-09 02:00:00,8.083335345,71.6,3.7,11,45.689,,,,319.68
2025-05-09 02:30:00,8.104167544,71.6,2.7,42,45.689,,,,233.28
2025-05-09 03:00:00,8.124998907,72.7,2.8,24,45.689,,,,241.92
2025-05-09 03:00:01,8.12500855,72.7,2.9,27,45.689,,,,250.56
2025-05-09 03:30:01,8.145840339,70.7,2.6,20,45.689,,,,224.64
2025-05-09 04:00:01,8.166673544,72.2,2.6,0,45.689,,,,224.64
2025-05-09 04:30:01,8.187504771,78,1,355,45.689,,,,86.4
2025-05-09 05:00:00,8.208336954,81,0.7,35,45.689,,,,60.48
2025-05-09 05:30:00,8.229170255,84,1.6,9,45.689,,,,138.24
2025-05-09 06:00:00,8.250002408,84.4,3.4,6,45.689,,,,293.76
2025-05-09 06:30:00,8.27083608,83.9,1.8,4,45.689,,,,155.52
2025-05-09 07:00:00,8.291668033,82.7,2.4,26,45.689,,,,207.36
2025-05-09 07:30:00,8.312499541,79,1.9,45,45.689,,,,164.16
2025-05-09 07:30:01,8.312509084,79,1.9,45,45.689,,,,164.16
2025-05-09 08:00:01,8.333340189,67.1,2.3,32,45.689,,,,198.72
2025-05-09 08:30:01,8.354171231,63.8,1.7,50,45.689,,,,146.88
2025-05-09 09:00:00,8.375004372,72.1,1.6,16,45.689,,,,138.24
2025-05-09 09:30:00,8.395837337,75.7,1.3,2,45.689,,,,112.32
2025-05-09 10:00:00,8.416668389,66.2,2.3,4,45.689,,,,198.72
2025-05-09 10:30:00,8.437499764,66.8,1,24,45.689,,,,86.4
2025-05-09 11:00:00,8.45833276,59.8,1.5,33,45.689,,,,129.6
2025-05-09 11:00:01,8.45834333,59.8,1.3,24,45.689,,,,112.32
2025-05-09 11:30:01,8.479174698,63.5,0.5,48,45.689,,,,43.2
2025-05-09 12:00:01,8.500005676,65.4,0.2,74,45.689,,,,17.28
2025-05-09 12:30:01,8.52083797,66.5,1.2,40,45.689,,,,103.68
2025-05-09 13:00:01,8.541671845,65.6,2.4,41,45.689,,,,207.36
2025-05-09 13:30:00,8.562504155,61.7,2.3,349,45.689,,,,198.72
2025-05-09 14:00:01,8.583338915,60.4,1.8,46,45.689,,,,155.52
2025-05-09 14:30:01,8.604172287,57,2.2,0,45.689,,,,190.08
2025-05-09 15:00:00,8.625004148,58.8,2.1,38,45.689,,,,181.44
2025-05-09 15:30:00,8.645835371,57.2,3.1,19,45.689,,,,267.84
2025-05-09 16:00:00,8.666668306,56.2,3.1,70,45.689,,,,267.84
2025-05-09 16:30:00,8.687500728,52.2,2.2,67,45.689,,,,190.08
2025-05-09 17:00:00,8.708333583,50.5,2.5,53,45.689,,,,216
2025-05-09 17:30:00,8.729165821,44.1,1.4,54,45.689,,,,120.96
2025-05-09 17:30:01,8.729176614,44.1,1.3,57,45.689,,,,112.32
2025-05-09 18:00:01,8.750007552,45.1,0.8,318,45.689,,,,69.12
2025-05-09 18:30:01,8.770840609,41.3,0.9,330,45.689,,,,77.76
2025-05-09 19:00:01,8.791672596,41.1,2.3,69,45.689,,,,198.72
2025-05-09 19:30:01,8.812505074,38.8,2,48,45.689,,,,172.8
2025-05-09 20:00:01,8.833337886,39.3,2.6,40,45.689,,,,224.64
2025-05-09 20:30:01,8.854171496,35.5,1.1,48,45.689,,,,95.04
2025-05-09 21:00:00,8.875004085,32.8,3,48,45.689,,,,259.2
2025-05-09 21:30:00,8.895835304,31.8,1.9,42,45.689,,,,164.16
2025-05-09 22:00:00,8.916666972,24,2.4,28,45.689,,,,207.36
2025-05-09 22:30:00,8.93749922,27,0.6,19,45.689,,,,51.84
2025-05-09 23:00:00,8.958332629,24.6,1.5,39,45.689,,,,129.6
2025-05-09 23:00:01,8.958342133,24.6,1.7,41,45.689,,,,146.88
2025-05-09 23:30:01,8.979173657,24,1.6,91,45.689,,,,138.24
2025-05-10 00:00:01,9.000005787,23.5,0.8,105,45.689,,,,69.12
2025-05-10 00:30:00,9.020837752,23.3,0.7,72,45.689,,,,60.48
2025-05-10 01:00:00,9.041670554,23.5,0.3,156,45.689,,,,25.92
2025-05-10 01:30:00,9.0625026,21.6,0.5,107,45.689,,,,43.2
2025-05-10 02:00:00,9.083337138,25.8,0.2,60,45.689,,,,17.28
2025-05-10 02:30:00,9.104167821,26.7,0.3,126,45.689,,,,25.92
2025-05-10 03:00:00,9.125000071,29.5,0.9,151,45.689,,,,77.76
2025-05-10 03:00:01,9.125010271,29.5,0.8,154,45.689,,,,69.12
2025-05-10 03:30:01,9.145841684,27.3,1.2,177,45.689,,,,103.68
2025-05-10 04:00:01,9.166672995,25.7,0.7,203,45.689,,,,60.48
2025-05-10 04:30:00,9.187504031,28.9,1.1,182,45.689,,,,95.04
2025-05-10 05:00:00,9.208336137,27,1.3,191,45.689,,,,112.32
2025-05-10 05:30:00,9.229168253,29.4,1.7,191,45.689,,,,146.88
2025-05-10 06:00:00,9.25000044,30.3,1.7,218,45.689,,,,146.88
2025-05-10 06:30:00,9.27083335,33.6,1.3,200,45.689,,,,112.32
2025-05-10 07:00:00,9.291666536,33.8,1.5,219,45.689,,,,129.6
2025-05-10 07:00:01,9.291676203,33.8,1.6,219,45.689,,,,138.24
2025-05-10 07:30:01,9.312508605,30.8,1.3,213,45.689,,,,112.32
2025-05-10 08:00:01,9.333340605,30.3,2.1,230,45.689,,,,181.44
2025-05-10 08:30:01,9.354171639,32.4,2.5,205,45.689,,,,216
2025-05-10 09:00:01,9.375004626,32.1,2.3,235,45.689,,,,198.72
2025-05-10 09:30:00,9.395837613,33.6,2,220,45.689,,,,172.8
2025-05-10 10:00:00,9.416669249,33.3,1.3,212,45.689,,,,112.32
2025-05-10 10:30:00,9.437500851,31.5,0.5,231,45.689,,,,43.2
2025-05-10 11:00:00,9.458333245,30.4,2.5,243,45.689,,,,216
2025-05-10 11:00:01,9.458343448,30.4,2.5,242,45.689,,,,216
2025-05-10 11:30:01,9.479174713,32.2,2,215,45.689,,,,172.8
2025-05-10 12:00:01,9.500007038,32.4,1.1,233,45.689,,,,95.04
2025-05-10 12:30:01,9.520837961,32.2,1.1,257,45.689,,,,95.04
2025-05-10 13:00:00,9.54167046,30.1,1.5,249,45.689,,,,129.6
2025-05-10 13:30:00,9.562504385,26.8,1.9,267,45.689,,,,164.16
2025-05-10 14:00:00,9.583337563,24.7,4.5,239,45.689,,,,388.8
2025-05-10 14:30:00,9.604170441,24,2.2,267,45.689,,,,190.08
2025-05-10 15:00:00,9.625003422,26.4,1.5,34,45.689,,,,129.6
2025-05-10 15:30:00,9.645835577,45.5,8.3,6,45.689,,,,717.12
2025-05-10 16:00:00,9.666667151,52.7,6.4,29,45.689,,,,552.96
2025-05-10 16:30:00,9.687498976,56.4,5.7,21,45.689,,,,492.48
2025-05-10 17:00:00,9.708333045,57.9,7.8,11,45.689,,,,673.92
2025-05-10 17:00:01,9.708342691,57.9,7.1,17,45.689,,,,613.44
2025-05-10 17:30:01,9.729176624,57.4,9.5,0,45.689,,,,820.8
2025-05-10 18:00:01,9.750007792,54.6,5.6,34,45.689,,,,483.84
2025-05-10 18:30:01,9.770840017,54.3,4,29,45.689,,,,345.6
2025-05-10 19:00:01,9.791672144,53.4,4.4,5,45.689,,,,380.16
2025-05-10 19:30:00,9.81250288,54.3,3.9,23,45.689,,,,336.96
2025-05-10 20:00:00,9.833334299,54.6,7,34,45.689,,,,604.8
2025-05-10 20:30:00,9.85416631,54.4,4.9,7,45.689,,,,423.36
2025-05-10 20:30:01,9.854176104,54.4,4.6,13,45.689,,,,397.44
2025-05-10 21:00:01,9.875008187,51.9,3.2,33,45.689,,,,276.48
2025-05-10 21:30:01,9.895840096,52.5,4.7,349,45.689,,,,406.08
2025-05-10 22:00:01,9.916671211,49.6,4.2,13,45.689,,,,362.88
2025-05-10 22:30:00,9.937503514,48.6,4.9,356,45.689,,,,423.36
2025-05-10 23:00:00,9.958335533,43.3,2.8,17,45.689,,,,241.92
2025-05-10 23:30:00,9.979166668,42.8,5,29,45.689,,,,432
2025-05-11 00:00:00,9.999998756,47.9,7.1,6,45.689,,,,613.44
2025-05-11 00:00:01,10.00001026,47.9,7.6,11,45.689,,,,656.64
2025-05-11 00:30:01,10.02084162,48.4,2.1,21,45.689,,,,181.44
2025-05-11 01:00:01,10.0416728,47.4,3.9,345,45.689,,,,336.96
2025-05-11 01:30:01,10.06250574,46.2,2.3,23,45.689,,,,198.72
2025-05-11 02:00:01,10.08333791,57.8,3,31,45.689,,,,259.2
2025-05-11 02:30:01,10.10417204,59.4,1.9,17,45.689,,,,164.16
2025-05-11 03:00:00,10.12500294,60.8,1.2,6,45.689,,,,103.68
2025-05-11 03:30:00,10.1458343,60.4,1.8,10,45.689,,,,155.52
2025-05-11 04:00:00,10.16666629,63.2,1.1,30,45.689,,,,95.04
2025-05-11 04:00:01,10.16667575,63.2,1.2,28,45.689,,,,103.68
2025-05-11 04:30:01,10.18750711,64.4,2.3,15,45.689,,,,198.72
2025-05-11 05:00:01,10.20833923,66.7,2.9,3,45.689,,,,250.56
2025-05-11 05:30:00,10.22917038,68.4,3,26,45.689,,,,259.2
2025-05-11 06:00:00,10.25000245,69.6,2.9,12,45.689,,,,250.56
2025-05-11 06:30:00,10.27083571,70.7,2.1,19,45.689,,,,181.44
2025-05-11 07:00:00,10.29166762,71.6,4.4,14,45.689,,,,380.16
2025-05-11 07:30:00,10.31250003,72.9,1.4,9,45.689,,,,120.96
2025-05-11 07:30:01,10.31250968,72.9,1.6,8,45.689,,,,138.24
2025-05-11 08:00:01,10.33334164,74.2,1.1,10,45.689,,,,95.04
2025-05-11 08:30:01,10.35417526,76.1,1.5,7,45.689,,,,129.6
2025-05-11 09:00:01,10.37500671,77.6,1.6,27,45.689,,,,138.24
2025-05-11 09:30:01,10.39583905,79.5,1.9,21,45.689,,,,164.16
2025-05-11 10:00:00,10.41666995,81.3,1.7,7,45.689,,,,146.88
2025-05-11 10:30:00,10.43750096,81,1.8,27,45.689,,,,155.52
2025-05-11 11:00:00,10.45833225,79.6,1.6,27,45.689,,,,138.24
2025-05-11 11:00:01,10.45834188,79.6,1.5,28,45.689,,,,129.6
2025-05-11 11:30:01,10.47917374,76.1,0.5,25,45.689,,,,43.2
2025-05-11 12:00:01,10.50000507,71.3,1.5,63,45.689,,,,129.6
2025-05-11 12:30:00,10.52083619,68.1,1,53,45.689,,,,86.4
2025-05-11 13:00:00,10.54166753,68.7,2.8,45,45.689,,,,241.92
2025-05-11 13:30:00,10.56249948,65.1,1.3,65,45.689,,,,112.32
2025-05-11 13:30:01,10.56250983,65.1,1.3,67,45.689,,,,112.32
2025-05-11 14:00:01,10.5833414,61,0.7,31,45.689,,,,60.48
2025-05-11 14:30:01,10.6041725,59.1,3.6,49,45.689,,,,311.04
2025-05-11 15:00:00,10.62500435,55.4,0.7,62,45.689,,,,60.48
2025-05-11 15:30:00,10.64583564,54.7,2.9,108,45.689,,,,250.56
2025-05-11 16:00:00,10.66666687,54,1.7,59,45.689,,,,146.88
2025-05-11 16:00:01,10.6666766,54,1.7,59,45.689,,,,146.88
2025-05-11 16:30:01,10.68750749,53.5,3,42,45.689,,,,259.2
2025-05-11 17:00:01,10.70833831,52.5,2.4,47,45.689,,,,207.36
2025-05-11 17:30:00,10.72917059,50.4,2.7,58,45.689,,,,233.28
2025-05-11 18:00:00,10.75000211,48.8,1.4,70,45.689,,,,120.96
2025-05-11 18:30:00,10.77083325,48,2.8,50,45.689,,,,241.92
2025-05-11 19:00:00,10.79166626,46.4,3.1,40,45.689,,,,267.84
2025-05-11 19:00:01,10.79167589,46.4,3.1,40,45.689,,,,267.84
2025-05-11 19:30:01,10.81250791,44.6,2.9,63,45.689,,,,250.56
2025-05-11 20:00:01,10.83333902,43.5,3.7,20,45.689,,,,319.68
2025-05-11 20:30:00,10.85417034,42.2,2.6,55,45.689,,,,224.64
2025-05-11 21:00:00,10.87500259,39.2,2.6,351,45.689,,,,224.64
2025-05-11 21:30:00,10.89583324,39.3,2.5,36,45.689,,,,216
2025-05-11 21:30:01,10.89584265,39.3,2.5,36,45.689,,,,216
2025-05-11 22:00:01,10.91667326,39.7,2.1,40,45.689,,,,181.44
2025-05-11 22:30:00,10.93750369,39.7,1.9,44,45.689,,,,164.16
2025-05-11 23:00:00,10.95833473,39.4,2.4,41,45.689,,,,207.36
2025-05-11 23:30:00,10.97916599,39.6,3.6,3,45.689,,,,311.04
2025-05-11 23:30:01,10.97917581,39.6,3.6,3,45.689,,,,311.04
2025-05-12 00:00:01,11.00000705,41.2,2.7,41,45.689,,,,233.28
2025-05-12 00:30:01,11.02083852,44.9,1,7,45.689,,,,86.4
2025-05-12 01:00:00,11.04166985,47.9,0.5,59,45.689,,,,43.2
2025-05-12 01:30:00,11.06250117,49.7,0.9,0,45.689,,,,77.76
2025-05-12 02:00:00,11.08333212,50.8,0.7,30,45.689,,,,60.48
2025-05-12 02:00:01,11.08334138,50.8,0.7,30,45.689,,,,60.48
2025-05-12 02:30:01,11.10417321,49.9,0.9,61,45.689,,,,77.76
2025-05-12 03:00:01,11.12500491,50.1,0.7,65,45.689,,,,60.48
2025-05-12 03:30:00,11.14583645,53.4,1.6,45,45.689,,,,138.24
2025-05-12 04:00:00,11.16666759,57.7,0.8,64,45.689,,,,69.12
2025-05-12 04:30:00,11.18749921,60.3,1,51,45.689,,,,86.4
2025-05-12 04:30:01,11.18750867,60.3,1,51,45.689,,,,86.4
2025-05-12 05:00:01,11.20834018,62.4,1.2,37,45.689,,,,103.68
2025-05-12 05:30:01,11.22917326,65.9,1.2,40,45.689,,,,103.68
2025-05-12 06:00:00,11.25000435,68.8,0.8,27,45.689,,,,69.12
2025-05-12 06:30:00,11.27083563,71.3,0.8,80,45.689,,,,69.12
2025-05-12 07:00:00,11.29166754,72.6,0.6,101,45.689,,,,51.84
2025-05-12 07:00:01,11.29167695,72.6,0.6,101,45.689,,,,51.84
2025-05-12 07:30:01,11.31250737,74,1.3,45,45.689,,,,112.32
2025-05-12 08:00:01,11.33333832,73.3,1,31,45.689,,,,86.4
2025-05-12 08:30:00,11.35416966,76.1,0.5,66,45.689,,,,43.2
2025-05-12 09:00:00,11.37500074,74.4,0.8,54,45.689,,,,69.12
2025-05-12 09:00:01,11.37501002,74.4,0.8,54,45.689,,,,69.12
2025-05-12 09:30:01,11.39584263,74.8,0.8,67,45.689,,,,69.12
2025-05-12 10:00:01,11.41667334,72.2,2,44,45.689,,,,172.8
2025-05-12 10:30:01,11.43750504,74.5,0.6,51,45.689,,,,51.84
2025-05-12 11:00:00,11.45833762,71.1,0.7,70,45.689,,,,60.48
2025-05-12 11:30:00,11.47916838,69.7,0.9,49,45.689,,,,77.76
2025-05-12 12:00:00,11.50000009,61.7,1.2,62,45.689,,,,103.68
2025-05-12 12:00:01,11.50000959,61.7,1.2,62,45.689,,,,103.68
2025-05-12 13:00:00,11.54166634,55.7,2.2,26,45.689,,,,190.08
2025-05-12 13:00:01,11.54167592,55.7,2.2,26,45.689,,,,190.08
2025-05-12 13:30:01,11.56250807,51.8,2.3,47,45.689,,,,198.72
2025-05-12 14:00:01,11.58333961,46.1,1.5,49,45.689,,,,129.6
2025-05-12 14:30:00,11.60417037,44.2,0.5,138,45.689,,,,43.2
2025-05-12 15:00:00,11.62500266,42.9,2.3,43,45.689,,,,198.72
2025-05-12 15:30:00,11.64583365,41.4,1.7,51,45.689,,,,146.88
2025-05-12 15:30:01,11.6458431,41.4,1.7,51,45.689,,,,146.88
2025-05-12 16:00:01,11.66667452,44.6,2.1,75,45.689,,,,181.44
2025-05-12 16:30:01,11.68750606,45,3.2,45,45.689,,,,276.48
2025-05-12 17:00:00,11.70833699,44.3,5.3,49,45.689,,,,457.92
2025-05-12 17:30:00,11.72916926,45.1,1.9,82,45.689,,,,164.16
2025-05-12 18:00:00,11.75000023,41.7,1.1,78,45.689,,,,95.04
2025-05-12 18:00:01,11.75000969,41.7,1.1,78,45.689,,,,95.04
2025-05-12 19:00:00,11.7916661,41.3,2,55,45.689,,,,172.8
2025-05-12 19:00:01,11.79167647,41.3,2,55,45.689,,,,172.8
2025-05-12 19:30:01,11.81250767,40.8,2.8,6,45.689,,,,241.92
2025-05-12 20:00:01,11.83333919,41.5,2.1,41,45.689,,,,181.44
2025-05-12 20:30:00,11.85417017,40.6,3.4,27,45.689,,,,293.76
2025-05-12 21:00:00,11.87500152,39.9,2.9,21,45.689,,,,250.56
2025-05-12 21:30:00,11.89583307,39.5,1.3,14,45.689,,,,112.32
2025-05-12 21:30:01,11.89584365,39.5,1.3,14,45.689,,,,112.32
2025-05-12 22:00:01,11.91667406,42,3.4,29,45.689,,,,293.76
2025-05-12 22:30:01,11.93750563,43.7,0.8,9,45.689,,,,69.12
2025-05-12 23:00:00,11.95833662,45.3,0.6,51,45.689,,,,51.84
2025-05-12 23:30:00,11.97916809,48.8,1.7,49,45.689,,,,146.88
2025-05-13 00:00:00,11.99999893,50.9,2.4,15,45.689,,,,207.36
2025-05-13 00:00:01,12.00000836,50.9,2.4,15,45.689,,,,207.36
2025-05-13 00:30:01,12.02083975,53.3,1.2,50,45.689,,,,103.68
2025-05-13 01:00:01,12.04167162,57.7,1.3,2,45.689,,,,112.32
2025-05-13 01:30:00,12.06250295,61.5,0.9,35,45.689,,,,77.76
2025-05-13 02:00:00,12.08333409,62,1.2,8,45.689,,,,103.68
2025-05-13 02:30:00,12.10416617,62.5,0.8,16,45.689,,,,69.12
2025-05-13 02:30:01,12.10417598,62.5,0.8,16,45.689,,,,69.12
2025-05-13 03:00:01,12.12500692,62.2,0.8,20,45.689,,,,69.12
2025-05-13 03:30:01,12.14583808,64.7,0.6,50,45.689,,,,51.84
2025-05-13 04:00:00,12.16666998,70.8,1.4,96,45.689,,,,120.96
2025-05-13 04:30:00,12.18750171,77.1,1,31,45.694,,,,86.4
2025-05-13 05:00:00,12.20833249,80.8,0.9,84,45.695,,,,77.76
2025-05-13 05:00:01,12.20834194,80.8,0.9,84,45.695,,,,77.76
2025-05-13 05:30:01,12.22917319,80.9,0.6,104,45.695,,,,51.84
2025-05-13 06:00:00,12.25000425,79.8,1,152,45.695,,,,86.4
2025-05-13 06:30:00,12.2708354,81.4,1.4,102,45.695,,,,120.96
2025-05-13 07:00:00,12.29166675,81.9,1.2,65,45.695,,,,103.68
2025-05-13 07:00:01,12.29167637,81.9,1.1,57,45.695,,,,95.04
2025-05-13 07:30:01,12.31250754,84.6,1.1,144,45.695,,,,95.04
2025-05-13 08:00:01,12.33333794,85,1.6,169,45.695,,,,138.24
2025-05-13 08:30:00,12.35416965,83.5,2.8,145,45.695,,,,241.92
2025-05-13 09:00:00,12.37500084,84.4,1.9,147,45.695,,,,164.16
2025-05-13 09:30:00,12.3958329,86,0.3,198,45.695,,,,25.92
2025-05-13 09:30:01,12.39584254,86,0.3,194,45.695,,,,25.92
2025-05-13 10:00:01,12.41667406,87.4,0.3,57,45.695,,,,25.92
2025-05-13 10:30:01,12.43750485,89.8,0.7,53,45.695,,,,60.48
2025-05-13 11:00:00,12.45833603,90.4,0.9,48,45.695,,,,77.76
2025-05-13 11:30:00,12.47916829,88.8,1,47,45.695,,,,86.4
2025-05-13 12:00:00,12.49999944,87.2,0.4,50,45.695,,,,34.56
2025-05-13 12:00:01,12.5000089,87.2,0.4,52,45.695,,,,34.56
2025-05-13 12:30:01,12.52084129,90.1,1.3,38,45.695,,,,112.32
2025-05-13 13:00:01,12.5416722,89,2.1,119,45.695,,,,181.44
2025-05-13 13:30:00,12.56250349,85.4,1.5,51,45.695,,,,129.6
2025-05-13 14:00:00,12.58333532,85,2,60,45.695,,,,172.8
2025-05-13 14:30:00,12.60416915,84.8,0.9,35,45.695,,,,77.76
2025-05-13 15:00:00,12.62500163,80.4,1,24,45.695,,,,86.4
2025-05-13 15:30:00,12.64583394,78.6,1.9,52,45.695,,,,164.16
2025-05-13 16:00:00,12.6666671,78.7,2.1,60,45.695,,,,181.44
2025-05-13 16:30:00,12.68749922,74.2,2.9,45,45.695,,,,250.56
2025-05-13 16:30:01,12.68750906,74.2,2.5,48,45.695,,,,216
2025-05-13 17:00:01,12.70834076,74.1,1.7,79,45.695,,,,146.88
2025-05-13 17:30:01,12.72917289,71.4,1.3,74,45.695,,,,112.32
2025-05-13 18:00:00,12.75000425,66.7,1.8,53,45.695,,,,155.52
2025-05-13 18:30:00,12.7708355,66.7,1.6,75,45.695,,,,138.24
2025-05-13 19:00:00,12.7916664,64.1,3.8,47,45.695,,,,328.32
2025-05-13 19:00:01,12.79167639,64.1,3.7,45,45.695,,,,319.68
2025-05-13 19:30:01,12.81250862,63.7,2.4,10,45.695,,,,207.36
2025-05-13 20:30:00,12.85416568,66.5,3.1,49,45.695,,,,267.84
2025-05-13 20:30:01,12.8541755,66.5,2.7,54,45.695,,,,233.28
2025-05-13 21:00:01,12.87500762,68.8,2.6,57,45.695,,,,224.64
2025-05-13 21:30:01,12.89584165,70.8,2.6,39,45.695,,,,224.64
2025-05-13 22:00:01,12.91667308,72.9,0.9,42,45.695,,,,77.76
2025-05-13 22:30:00,12.93750388,75.2,2.5,45,45.695,,,,216
2025-05-13 23:00:00,12.95833598,76.9,4.3,40,45.695,,,,371.52
2025-05-13 23:30:00,12.97916826,82.6,3.3,26,45.695,,,,285.12
2025-05-14 00:00:00,12.99999939,80.7,1.2,109,45.695,,,,103.68
2025-05-14 00:00:01,13.00000909,80.7,1.1,109,45.695,,,,95.04
2025-05-14 00:30:01,13.02084022,80.4,2.6,40,45.695,,,,224.64
2025-05-14 01:00:01,13.04167136,84.9,1.6,23,45.695,,,,138.24
2025-05-14 01:30:00,13.0625025,86.1,0.8,54,45.695,,,,69.12
2025-05-14 02:00:00,13.08333364,87.4,0.6,20,45.695,,,,51.84
2025-05-14 02:00:01,13.08334346,87.4,0.6,21,45.695,,,,51.84
2025-05-14 02:30:01,13.10417442,88.1,1.2,41,45.695,,,,103.68
2025-05-14 03:00:01,13.12500651,90.2,1.8,36,45.695,,,,155.52
2025-05-14 03:30:01,13.14583861,90.9,2.3,18,45.695,,,,198.72
2025-05-14 04:00:00,13.16666959,92.5,1.8,52,45.695,,,,155.52
2025-05-14 04:30:00,13.18750096,93,1.9,24,45.695,,,,164.16
2025-05-14 05:00:00,13.20833295,91.4,0.8,340,45.695,,,,69.12
2025-05-14 05:00:01,13.20834258,91.4,0.9,339,45.695,,,,77.76
2025-05-14 05:30:01,13.22917378,92.8,0.8,18,45.695,,,,69.12
2025-05-14 06:00:01,13.25000595,93.6,1.2,354,45.695,,,,103.68
2025-05-14 06:30:00,13.27083721,96.6,0.7,348,45.695,,,,60.48
2025-05-14 07:00:00,13.29166926,98.3,0.3,341,45.695,,,,25.92
2025-05-14 07:30:00,13.31250018,97.1,1.3,14,45.695,,,,112.32
2025-05-14 08:00:00,13.33333244,97.1,1.6,22,45.695,,,,138.24
2025-05-14 08:00:01,13.33334301,97.1,1.8,21,45.695,,,,155.52
2025-05-14 08:30:01,13.35417507,96.5,0.4,21,45.695,,,,34.56
2025-05-14 09:00:01,13.37500636,95.5,0.2,35,45.695,,,,17.28
2025-05-14 09:30:00,13.39583755,94.1,0.8,28,45.695,,,,69.12
2025-05-14 10:00:00,13.41666854,92.8,0.6,52,45.695,,,,51.84
2025-05-14 10:30:00,13.43750206,92.9,0.7,6,45.695,,,,60.48
2025-05-14 11:00:00,13.45833376,91.6,1,24,45.695,,,,86.4
2025-05-14 11:00:01,13.45834341,91.6,0.9,23,45.695,,,,77.76
2025-05-14 11:30:01,13.47917457,90.3,1.1,1,45.695,,,,95.04
2025-05-14 12:00:01,13.50000571,89.2,0.7,30,45.695,,,,60.48
2025-05-14 12:30:01,13.52083855,86.4,1.5,42,45.695,,,,129.6
2025-05-14 13:00:01,13.5416729,86.6,1,8,45.695,,,,86.4
2025-05-14 13:30:01,13.5625049,82.8,1.4,25,45.695,,,,120.96
2025-05-14 14:00:00,13.58333605,79.7,1.3,61,45.695,,,,112.32
2025-05-14 14:30:00,13.60416934,79.1,2.7,42,45.695,,,,233.28
2025-05-14 15:00:00,13.62500417,77,1,89,45.695,,,,86.4
2025-05-14 15:30:01,13.64584027,75.4,0.5,73,45.695,,,,43.2
2025-05-14 16:00:01,13.66667338,72.6,1.6,51,45.695,,,,138.24
2025-05-14 16:30:01,13.68750552,73.9,1.4,54,45.695,,,,120.96
2025-05-14 17:00:00,13.70833666,70.3,0.5,174,45.695,,,,43.2
2025-05-14 17:30:00,13.72916879,73,0.7,324,45.695,,,,60.48
2025-05-14 18:00:00,13.74999991,70,2.6,69,45.695,,,,224.64
2025-05-14 18:00:01,13.75000954,70,2.3,74,45.695,,,,198.72
2025-05-14 18:30:01,13.77084165,68.1,2.4,89,45.696,,,,207.36
2025-05-14 19:00:01,13.79167283,69.1,3.2,40,45.696,,,,276.48
2025-05-14 19:30:00,13.812504,68.3,1.7,65,45.696,,,,146.88
2025-05-14 20:00:00,13.83333523,66.6,1.5,29,45.696,,,,129.6
2025-05-14 20:30:00,13.8541671,68.2,1.8,87,45.696,,,,155.52
2025-05-14 21:00:00,13.8749994,68.2,1.5,85,45.696,,,,129.6
2025-05-14 21:00:01,13.87500924,68.2,1.4,77,45.696,,,,120.96
2025-05-14 21:30:01,13.89584036,71.2,2.2,70,45.696,,,,190.08
2025-05-14 22:00:01,13.9166722,74.2,1.4,57,45.696,,,,120.96
2025-05-14 22:30:01,13.93750469,74.2,0.9,68,45.696,,,,77.76
2025-05-14 23:00:00,13.9583367,76.8,1.6,71,45.696,,,,138.24
2025-05-14 23:30:00,13.97916781,76.8,1.7,48,45.696,,,,146.88
2025-05-15 00:00:00,13.99999896,79.6,2.1,49,45.696,,,,181.44
2025-05-15 00:00:01,14.00000882,79.6,2.4,46,45.696,,,,207.36
2025-05-15 00:30:01,14.02084074,80.9,2.1,43,45.696,,,,181.44
2025-05-15 01:00:01,14.04167222,89.3,0.9,53,45.696,,,,77.76
2025-05-15 01:30:00,14.06250399,94.4,1.2,61,45.696,,,,103.68
2025-05-15 02:00:00,14.08333516,97.4,2.1,39,45.696,,,,181.44
2025-05-15 02:30:00,14.10416726,98.5,0.3,101,45.696,,,,25.92
2025-05-15 03:00:00,14.12500042,98.4,0.4,47,45.696,,,,34.56
2025-05-15 03:00:01,14.12501004,98.4,0.5,48,45.696,,,,43.2
2025-05-15 03:30:01,14.14584116,96.2,0.5,73,45.696,,,,43.2
2025-05-15 04:00:01,14.16667232,91.9,0.8,62,45.696,,,,69.12
2025-05-15 04:30:00,14.18750439,91.2,1,89,45.696,,,,86.4
2025-05-15 05:00:00,14.20833556,90.8,0.5,70,45.696,,,,43.2
2025-05-15 05:30:00,14.22916669,92.9,0.9,34,45.696,,,,77.76
2025-05-15 05:30:01,14.22917632,92.9,0.9,33,45.696,,,,77.76
2025-05-15 06:00:01,14.25000858,92.8,0.6,21,45.696,,,,51.84
2025-05-15 06:30:01,14.27084101,91.8,0.7,97,45.696,,,,60.48
2025-05-15 07:00:01,14.29167284,92.4,1.1,44,45.696,,,,95.04
2025-05-15 07:30:00,14.31250417,91.1,0.9,54,45.696,,,,77.76
2025-05-15 08:00:00,14.33333588,89.9,0.2,47,45.696,,,,17.28
2025-05-15 08:30:00,14.35416797,90.8,0.9,21,45.696,,,,77.76
2025-05-15 09:00:00,14.37499925,90.4,0.9,43,45.696,,,,77.76
2025-05-15 09:00:01,14.37500895,90.4,1,44,45.696,,,,86.4
2025-05-15 09:30:01,14.39584008,90.4,0.7,17,45.696,,,,60.48
2025-05-15 10:00:01,14.41667316,91.2,0.8,49,45.696,,,,69.12
2025-05-15 10:30:00,14.43750435,90.8,0.7,72,45.696,,,,60.48
2025-05-15 11:00:00,14.45833531,88.9,0.9,62,45.696,,,,77.76
2025-05-15 11:30:00,14.47916758,87.9,0.8,76,45.696,,,,69.12
2025-05-15 12:00:00,14.49999964,84.5,0.9,57,45.696,,,,77.76
2025-05-15 12:00:01,14.5000093,84.5,0.9,52,45.696,,,,77.76
2025-05-15 12:30:01,14.5208403,79.7,2,41,45.696,,,,172.8
2025-05-15 13:00:01,14.54167363,76.9,1.6,97,45.696,,,,138.24
2025-05-15 13:30:01,14.56250556,73.9,0.4,63,45.696,,,,34.56
2025-05-15 14:00:00,14.58333767,68.5,0.6,100,45.696,,,,51.84
2025-05-15 14:30:00,14.60416885,66.8,2.7,125,45.696,,,,233.28
2025-05-15 15:00:00,14.62500099,62.2,1.1,185,45.696,,,,95.04
2025-05-15 15:30:00,14.64583233,60.3,1.1,260,45.696,,,,95.04
2025-05-15 15:30:01,14.64584179,60.3,0.8,248,45.696,,,,69.12
2025-05-15 16:00:01,14.66667435,60.5,3,183,45.696,,,,259.2
2025-05-15 16:30:01,14.68750664,59.5,2.4,67,45.696,,,,207.36
2025-05-15 17:00:01,14.70833828,58.6,3.1,104,45.696,,,,267.84
2025-05-15 17:30:00,14.72916977,56.1,2.5,133,45.696,,,,216
2025-05-15 18:00:00,14.75000157,56.4,1.4,188,45.696,,,,120.96
2025-05-15 18:30:00,14.77083391,52.4,2.4,123,45.696,,,,207.36
2025-05-15 18:30:01,14.77084365,52.4,2.6,131,45.696,,,,224.64
2025-05-15 19:00:01,14.79167486,53.1,0.9,58,45.696,,,,77.76
2025-05-15 19:30:01,14.81250586,52.2,1.8,63,45.696,,,,155.52
2025-05-15 20:00:00,14.83333701,47.4,1.2,88,45.696,,,,103.68
2025-05-15 20:30:00,14.85416946,43.9,2.5,138,45.696,,,,216
2025-05-15 21:00:00,14.87500154,43.5,4.1,167,45.696,,,,354.24
2025-05-15 21:30:00,14.89583252,43.6,1.7,195,45.696,,,,146.88
2025-05-15 21:30:01,14.89584253,43.6,1.8,203,45.696,,,,155.52
2025-05-15 22:00:01,14.91667354,40.1,6.4,167,45.696,,,,552.96
2025-05-15 22:30:01,14.93750561,38.8,11.9,172,45.696,,,,1028.16
2025-05-15 23:00:00,14.95833759,41,7.1,188,45.696,,,,613.44
2025-05-15 23:30:01,14.97917201,45.8,2.5,166,45.696,,,,216
2025-05-16 00:00:00,15.00000368,48.9,4.4,204,45.7,,,,380.16
2025-05-16 00:30:00,15.02083519,50.8,8,191,45.7,,,,691.2
2025-05-16 01:00:00,15.04166653,75.7,2.6,234,46.651,,,,224.64
2025-05-16 01:00:01,15.04167619,75.7,2.6,239,46.651,,,,224.64
2025-05-16 01:30:01,15.06250829,66.4,3.6,230,46.651,,,,311.04
2025-05-16 02:00:01,15.08333939,57.3,2.3,264,46.651,,,,198.72
2025-05-16 02:30:00,15.10417055,46,4.8,274,46.651,,,,414.72
2025-05-16 03:00:00,15.1250017,38.3,3,232,46.651,,,,259.2
2025-05-16 03:30:00,15.14583314,38.1,2.5,275,46.651,,,,216
2025-05-16 03:30:01,15.14584233,38.1,2.2,268,46.651,,,,190.08
2025-05-16 04:00:01,15.16667388,39.6,3.4,240,46.651,,,,293.76
2025-05-16 04:30:01,15.18750486,39.9,4.6,248,46.651,,,,397.44
2025-05-16 05:00:00,15.20833603,40.6,3,237,46.651,,,,259.2
2025-05-16 05:30:00,15.22916814,43,2.9,258,46.651,,,,250.56
2025-05-16 06:00:00,15.25000042,45.2,1.7,254,46.651,,,,146.88
2025-05-16 06:00:01,15.25001003,45.2,1.6,245,46.651,,,,138.24
2025-05-16 07:00:01,15.29167313,50,1.2,186,46.651,,,,103.68
2025-05-16 07:30:01,15.31250526,54.2,0.6,163,46.651,,,,51.84
2025-05-16 08:00:00,15.33333653,57.2,0.8,160,46.651,,,,69.12
2025-05-16 08:30:00,15.35416862,57.4,0.8,182,46.651,,,,69.12
2025-05-16 09:00:00,15.37499981,57.1,1.8,169,46.651,,,,155.52
2025-05-16 09:00:01,15.37501,57.1,1.8,169,46.651,,,,155.52
2025-05-16 09:30:01,15.39584225,57.8,1.6,206,46.651,,,,138.24
2025-05-16 10:00:01,15.41667374,56.4,1.8,176,46.651,,,,155.52
2025-05-16 10:30:01,15.43750455,57.4,1.3,146,46.651,,,,112.32
2025-05-16 11:00:00,15.45833534,56.7,1.6,175,46.651,,,,138.24
2025-05-16 11:30:00,15.47916729,56,2.4,171,46.651,,,,207.36
2025-05-16 12:00:00,15.50000123,54.3,2.2,153,46.651,,,,190.08
2025-05-16 12:30:00,15.52083281,50.6,3.5,185,46.651,,,,302.4
2025-05-16 13:00:00,15.54167021,49.1,5,223,46.651,,,,432
2025-05-16 13:30:00,15.56250285,46.1,5.2,209,46.651,,,,449.28
2025-05-16 14:00:00,15.58333441,42.3,2.5,196,46.651,,,,216
2025-05-16 14:30:00,15.60416576,40.2,3.7,199,46.651,,,,319.68
2025-05-16 14:30:01,15.60417661,40.2,3.7,199,46.651,,,,319.68
2025-05-16 15:00:01,15.62500859,38.5,4.5,170,46.651,,,,388.8
2025-05-16 16:00:00,15.66667079,31.3,8.2,175,46.651,,,,708.48
2025-05-16 16:30:00,15.68750204,29.2,4.3,195,46.651,,,,371.52
2025-05-16 17:00:00,15.70833369,26.3,5.1,197,46.651,,,,440.64
2025-05-16 17:30:00,15.72916751,26.4,9.4,198,46.652,,,,812.16
2025-05-16 18:00:00,15.74999941,25.4,4.6,219,46.652,,,,397.44
2025-05-16 18:00:01,15.75000905,25.4,4.6,219,46.652,,,,397.44
2025-05-16 18:30:01,15.77084081,24.1,5.8,201,46.652,,,,501.12
2025-05-16 19:30:00,15.81249959,24,8.5,162,46.652,,,,734.4
2025-05-16 20:00:00,15.83333279,23.8,2.2,245,46.652,,,,190.08
2025-05-16 20:00:01,15.83334224,23.8,2.2,245,46.652,,,,190.08
2025-05-16 20:30:01,15.8541751,21.1,9.2,160,46.652,,,,794.88
2025-05-16 21:00:01,15.87500867,20.9,6.5,180,46.652,,,,561.6
2025-05-16 21:30:01,15.89584079,20.1,3.6,167,46.652,,,,311.04
2025-05-16 22:00:01,15.91667293,18.9,7.9,207,46.652,,,,682.56
2025-05-16 22:30:01,15.93750671,19.1,8.2,189,46.652,,,,708.48
2025-05-16 23:00:01,15.95833817,21.7,4.4,169,46.652,,,,380.16
2025-05-16 23:30:00,15.97916917,25.1,8.4,201,46.652,,,,725.76
2025-05-17 00:00:00,16.00000056,32,2.7,172,46.654,,,,233.28
2025-05-17 00:30:00,16.0208325,43.1,5.4,185,46.656,,,,466.56
2025-05-17 00:30:01,16.02084199,43.1,5.4,185,46.656,,,,466.56
2025-05-17 01:00:01,16.04167356,49.4,6.4,209,46.658,,,,552.96
2025-05-17 01:30:00,16.06250449,51.7,6.4,245,46.658,,,,552.96
2025-05-17 02:00:00,16.0833365,28.7,1.9,231,46.658,,,,164.16
2025-05-17 02:30:00,16.10416787,27.9,5.7,259,46.658,,,,492.48
2025-05-17 03:00:00,16.12499902,31.5,1.7,284,46.658,,,,146.88
2025-05-17 03:00:01,16.12500828,31.5,1.7,284,46.658,,,,146.88
2025-05-17 03:30:01,16.14583966,34.9,4.2,272,46.658,,,,362.88
2025-05-17 04:00:00,16.16667041,35,5.8,258,46.658,,,,501.12
2025-05-17 04:30:00,16.18750219,38.8,3.4,234,46.658,,,,293.76
2025-05-17 05:00:00,16.20833353,42.9,5.5,271,46.658,,,,475.2
2025-05-17 05:00:01,16.20834353,42.9,5.5,271,46.658,,,,475.2
2025-05-17 05:30:01,16.2291747,46,6.3,254,46.658,,,,544.32
2025-05-17 06:00:01,16.25000529,50,4.9,269,46.658,,,,423.36
2025-05-17 06:30:00,16.27083626,50.3,4.4,248,46.658,,,,380.16
2025-05-17 07:00:00,16.29166773,51.1,6.1,229,46.658,,,,527.04
2025-05-17 07:30:00,16.31249966,56.2,6.1,239,46.658,,,,527.04
2025-05-17 07:30:01,16.31250894,56.2,6.1,239,46.658,,,,527.04
2025-05-17 08:00:01,16.33334024,62.3,2.7,271,46.658,,,,233.28
2025-05-17 08:30:01,16.35417139,62.4,2.4,268,46.658,,,,207.36
2025-05-17 09:00:00,16.37500163,63.8,5.5,278,46.658,,,,475.2
2025-05-17 09:30:00,16.3958322,61.5,2.5,257,46.658,,,,216
2025-05-17 09:30:01,16.39584184,61.5,2.5,257,46.658,,,,216
2025-05-17 10:00:01,16.41667337,63.4,4.2,264,46.658,,,,362.88
2025-05-17 10:30:01,16.43750485,64.1,4,223,46.658,,,,345.6
2025-05-17 11:00:00,16.45833681,63.3,7.4,248,46.658,,,,639.36
2025-05-17 11:30:00,16.47916992,62.9,3.1,288,46.658,,,,267.84
2025-05-17 12:00:00,16.50000204,62.9,3.8,273,46.658,,,,328.32
2025-05-17 12:30:01,16.52084071,64.1,3.8,220,46.658,,,,328.32
2025-05-17 13:00:01,16.54167213,63.5,7.1,239,46.658,,,,613.44
2025-05-17 13:30:00,16.56250306,63.4,7.1,251,46.658,,,,613.44
2025-05-17 14:00:00,16.58333451,62.4,7,245,46.658,,,,604.8
2025-05-17 14:30:00,16.60416571,60,1.3,75,46.658,,,,112.32
2025-05-17 14:30:01,16.60417522,60,1.3,75,46.658,,,,112.32
2025-05-17 15:00:01,16.62500757,60,5.9,257,46.658,,,,509.76
2025-05-17 15:30:01,16.64583895,60.1,5.4,252,46.658,,,,466.56
2025-05-17 16:00:00,16.66666977,59.1,2.7,288,46.658,,,,233.28
2025-05-17 16:30:00,16.6875015,59.8,6.9,274,46.658,,,,596.16
2025-05-17 17:00:00,16.70833278,57.1,3.1,262,46.658,,,,267.84
2025-05-17 17:00:01,16.70834334,57.1,3.1,262,46.658,,,,267.84
2025-05-17 18:00:00,16.74999975,54.9,3.7,259,46.658,,,,319.68
2025-05-17 18:00:01,16.7500092,54.9,3.7,259,46.658,,,,319.68
2025-05-17 19:00:00,16.79166574,47.7,2.1,226,46.658,,,,181.44
2025-05-17 19:00:01,16.7916763,47.7,2.1,226,46.658,,,,181.44
2025-05-17 19:30:01,16.81250771,46.2,2.8,18,46.658,,,,241.92
2025-05-17 20:00:01,16.83333872,45.5,3.1,282,46.658,,,,267.84
2025-05-17 20:30:00,16.85417005,41.7,1.2,223,46.658,,,,103.68
2025-05-17 21:00:00,16.8750021,43.4,3.4,287,46.658,,,,293.76
2025-05-17 21:30:00,16.89583327,40.8,2.1,228,46.658,,,,181.44
2025-05-17 22:00:00,16.9166663,40.4,4.6,270,46.658,,,,397.44
2025-05-17 22:00:01,16.91667668,40.4,4.6,270,46.658,,,,397.44
2025-05-17 22:30:01,16.93750801,42.4,3.5,252,46.658,,,,302.4
2025-05-17 23:00:01,16.95834026,42.8,0.7,185,46.658,,,,60.48
2025-05-17 23:30:01,16.97917125,43.5,2.4,252,46.658,,,,207.36
2025-05-18 00:00:00,17.00000244,43.9,2.5,263,46.658,,,,216
2025-05-18 00:30:00,17.02083379,44.7,0.9,325,46.658,,,,77.76
2025-05-18 00:30:01,17.02084323,44.7,0.9,325,46.658,,,,77.76
2025-05-18 01:00:01,17.0416747,44.5,4,248,46.658,,,,345.6
2025-05-18 01:30:01,17.0625055,45.3,1.7,298,46.658,,,,146.88
2025-05-18 02:00:00,17.08333672,46.4,2,279,46.658,,,,172.8
2025-05-18 02:30:00,17.10416807,47.9,1,265,46.658,,,,86.4
2025-05-18 03:00:00,17.12499938,49.5,2.7,314,46.658,,,,233.28
2025-05-18 03:00:01,17.12500918,49.5,2.7,314,46.658,,,,233.28
2025-05-18 03:30:01,17.14584055,50.3,1,314,46.658,,,,86.4
2025-05-18 04:00:01,17.1666721,54.2,0.7,266,46.658,,,,60.48
2025-05-18 04:30:00,17.18750397,57.2,0.5,178,46.658,,,,43.2
2025-05-18 05:00:00,17.20833512,59.2,1.4,210,46.658,,,,120.96
2025-05-18 05:30:00,17.22916905,62,1.2,261,46.658,,,,103.68
2025-05-18 06:00:00,17.25000058,63.8,0.4,219,46.658,,,,34.56
2025-05-18 06:00:01,17.25000985,63.8,0.4,213,46.658,,,,34.56
2025-05-18 06:30:01,17.27084211,65.9,0.7,13,46.658,,,,60.48
2025-05-18 07:00:01,17.29167404,69,0.3,26,46.658,,,,25.92
2025-05-18 07:30:01,17.31250554,71.4,0.3,173,46.658,,,,25.92
2025-05-18 08:00:00,17.33333662,72.6,1.9,254,46.658,,,,164.16
2025-05-18 08:30:00,17.35416766,73,1.1,255,46.658,,,,95.04
2025-05-18 09:00:00,17.37500107,73,0.7,108,46.658,,,,60.48
2025-05-18 09:30:00,17.39583372,73.6,1.3,336,46.658,,,,112.32
2025-05-18 09:30:01,17.39584336,73.6,1.2,342,46.658,,,,103.68
2025-05-18 10:00:01,17.41667437,74.7,0.6,56,46.658,,,,51.84
2025-05-18 10:30:01,17.43750834,75,1.7,7,46.658,,,,146.88
2025-05-18 11:00:01,17.45833968,74.3,0.9,319,46.658,,,,77.76
2025-05-18 11:30:00,17.47917053,74.1,2.2,9,46.658,,,,190.08
2025-05-18 12:00:00,17.50000206,73.8,1,352,46.658,,,,86.4
2025-05-18 12:30:00,17.52083367,71.9,0.5,146,46.658,,,,43.2
2025-05-18 13:00:00,17.54166903,71.4,1.6,4,46.658,,,,138.24
2025-05-18 13:30:00,17.56250004,70.6,0.2,243,46.658,,,,17.28
2025-05-18 13:30:01,17.56250967,70.6,0.2,247,46.658,,,,17.28
2025-05-18 14:00:01,17.58334101,68.9,1.4,2,46.658,,,,120.96
2025-05-18 15:00:00,17.62499913,66,1.1,343,46.658,,,,95.04
2025-05-18 15:30:00,17.6458352,71.4,4.4,20,46.658,,,,380.16
2025-05-18 16:00:00,17.66666642,71.7,2.6,63,46.658,,,,224.64
2025-05-18 16:00:01,17.66667639,71.7,2.7,67,46.658,,,,233.28
2025-05-18 17:00:01,17.7083392,71,3,63,46.658,,,,259.2
2025-05-18 17:30:01,17.72917472,68.9,3.1,51,46.658,,,,267.84
2025-05-18 18:00:01,17.75000582,70.4,3.1,39,46.658,,,,267.84
2025-05-18 19:00:01,17.79167159,68.1,3.2,39,46.658,,,,276.48
2025-05-18 20:00:00,17.83333285,67.3,2.8,22,46.658,,,,241.92
2025-05-18 20:00:01,17.83334297,67.3,2.8,15,46.658,,,,241.92
2025-05-18 21:00:01,17.87500517,68.7,3.2,18,46.658,,,,276.48
2025-05-18 21:30:01,17.89584184,70.2,4.2,42,46.658,,,,362.88
2025-05-18 22:00:01,17.91667392,70,2.6,40,46.658,,,,224.64
2025-05-18 22:30:01,17.93750611,70.4,3,9,46.658,,,,259.2
2025-05-18 23:30:00,17.97916914,70.4,1,125,46.658,,,,86.4
2025-05-19 00:00:00,18.00000138,75.6,3,66,46.658,,,,259.2
2025-05-19 00:30:00,18.02083646,76.3,3.4,355,46.658,,,,293.76
2025-05-19 01:00:00,18.04166755,78.5,1.5,44,46.658,,,,129.6
2025-05-19 01:30:00,18.06249956,78.8,1,36,46.658,,,,86.4
2025-05-19 01:30:01,18.06250937,78.8,1.2,38,46.658,,,,103.68
2025-05-19 02:00:01,18.0833415,78.5,3.5,37,46.658,,,,302.4
2025-05-19 02:30:01,18.10417354,80.1,3.3,52,46.658,,,,285.12
2025-05-19 03:00:01,18.12500468,80.3,1.3,42,46.658,,,,112.32
2025-05-19 03:30:00,18.14583675,79.9,1.8,32,46.658,,,,155.52
2025-05-19 04:00:00,18.16666844,81.1,2.1,19,46.658,,,,181.44
2025-05-19 04:30:00,18.18750043,81.7,2.5,347,46.658,,,,216
2025-05-19 05:00:00,18.20833243,80.9,1.9,0,46.658,,,,164.16
2025-05-19 05:00:01,18.20834282,80.9,2,5,46.658,,,,172.8
2025-05-19 05:30:01,18.22917489,82.1,2.1,33,46.658,,,,181.44
2025-05-19 06:00:01,18.25000615,81.2,1.8,17,46.658,,,,155.52
2025-05-19 06:30:00,18.27083731,81.3,2.1,356,46.658,,,,181.44
2025-05-19 07:00:00,18.29166937,83.1,2.3,8,46.658,,,,198.72
2025-05-19 07:30:00,18.3125004,86.2,0.7,37,46.658,,,,60.48
2025-05-19 07:30:01,18.31251018,86.2,0.9,46,46.658,,,,77.76
2025-05-19 08:00:01,18.3333412,84.4,2.5,41,46.658,,,,216
2025-05-19 08:30:01,18.35417284,84.9,3.7,8,46.658,,,,319.68
2025-05-19 09:00:01,18.37500729,83.3,1.7,32,46.658,,,,146.88
2025-05-19 09:30:01,18.39583964,86.7,4.4,33,46.658,,,,380.16
2025-05-19 10:00:01,18.41667163,88.8,3.1,14,46.658,,,,267.84
2025-05-19 10:30:00,18.43750294,89.7,3,7,46.658,,,,259.2
2025-05-19 11:00:00,18.45833587,88,5.2,15,46.658,,,,449.28
2025-05-19 11:30:00,18.47916717,86.1,3.7,5,46.658,,,,319.68
2025-05-19 12:00:00,18.49999901,85.9,4.6,17,46.658,,,,397.44
2025-05-19 12:00:01,18.50000883,85.9,4.7,17,46.658,,,,406.08
2025-05-19 12:30:01,18.52084036,87.8,4.2,356,46.658,,,,362.88
2025-05-19 13:30:00,18.56250058,86.2,4.2,34,46.658,,,,362.88
2025-05-19 14:00:00,18.58333462,84.4,3.6,31,46.658,,,,311.04
2025-05-19 14:30:00,18.6041664,85.1,2.1,39,46.658,,,,181.44
2025-05-19 14:30:01,18.60417614,85.1,1.9,49,46.658,,,,164.16
2025-05-19 15:30:00,18.64583588,82.6,2.2,53,46.658,,,,190.08
2025-05-19 16:00:00,18.66666865,81,4.2,56,46.658,,,,362.88
2025-05-19 16:30:00,18.68750356,77.6,4.1,337,46.658,,,,354.24
2025-05-19 17:00:00,18.70833714,75.9,5.6,49,46.658,,,,483.84
2025-05-19 17:30:01,18.72917208,75.3,5.8,49,46.658,,,,501.12
2025-05-19 18:00:00,18.75000369,76.1,4.7,14,46.658,,,,406.08
2025-05-19 19:00:00,18.79166596,74,1.1,357,46.658,,,,95.04
2025-05-19 19:00:01,18.7916756,74,0.9,7,46.658,,,,77.76
2025-05-19 20:00:01,18.83334093,72.7,4.9,37,46.658,,,,423.36
2025-05-19 20:30:01,18.85417518,79.5,2.1,21,46.658,,,,181.44
2025-05-19 21:30:00,18.89583574,79.4,4.5,43,46.658,,,,388.8
2025-05-19 22:00:00,18.91666805,76.9,3.7,45,46.658,,,,319.68
2025-05-19 22:30:00,18.9374994,79.1,6.7,27,46.658,,,,578.88
2025-05-19 22:30:01,18.93751021,79.1,6.6,24,46.658,,,,570.24
2025-05-19 23:00:01,18.95834199,78.3,3.5,33,46.658,,,,302.4
2025-05-19 23:30:01,18.97917337,77.1,2.1,29,46.658,,,,181.44
2025-05-20 00:00:01,19.00000728,79.4,2.6,35,46.658,,,,224.64
2025-05-20 00:30:01,19.02084045,79.7,3,31,46.658,,,,259.2
2025-05-20 01:00:01,19.04167269,81.1,1.9,43,46.658,,,,164.16
2025-05-20 01:30:00,19.06250379,80.8,5.2,34,46.658,,,,449.28
2025-05-20 02:00:00,19.08333692,79.5,1.6,73,46.658,,,,138.24
2025-05-20 02:30:00,19.10416994,78.2,3.9,79,46.658,,,,336.96
2025-05-20 03:00:00,19.12500133,78.1,4.2,55,46.658,,,,362.88
2025-05-20 03:30:00,19.14583416,77.2,4,43,46.658,,,,345.6
2025-05-20 04:00:00,19.16666836,77,5.8,56,46.658,,,,501.12
2025-05-20 04:30:00,19.18749908,76.1,3.9,53,46.658,,,,336.96
2025-05-20 04:30:01,19.18750983,76.1,4.4,51,46.658,,,,380.16
2025-05-20 05:00:01,19.20834191,76.9,3.9,36,46.658,,,,336.96
2025-05-20 05:30:01,19.22917414,74.9,4.8,72,46.658,,,,414.72
2025-05-20 06:00:01,19.25000774,77.1,2.4,33,46.658,,,,207.36
2025-05-20 06:30:01,19.27084002,76,3.9,68,46.658,,,,336.96
2025-05-20 07:00:01,19.29167152,75.5,1.8,42,46.658,,,,155.52
2025-05-20 07:30:00,19.31250374,77.5,3.4,65,46.658,,,,293.76
2025-05-20 08:00:00,19.33333501,78.9,4,56,46.658,,,,345.6
2025-05-20 08:30:00,19.354167,79,4.2,44,46.658,,,,362.88
2025-05-20 09:00:00,19.37500029,77.9,2.9,71,46.658,,,,250.56
2025-05-20 09:30:00,19.39583609,82.3,1.3,111,46.697,,,,112.32
2025-05-20 10:00:00,19.41666812,86.9,4.2,93,46.787,,,,362.88
2025-05-20 10:30:00,19.43749926,90.1,2.1,50,46.939,,,,181.44
2025-05-20 10:30:01,19.43750957,90.1,2.4,55,46.939,,,,207.36
2025-05-20 11:00:01,19.45834112,92.2,4.7,59,47.104,,,,406.08
2025-05-20 11:30:01,19.47917312,93.2,3.4,115,47.285,,,,293.76
2025-05-20 12:00:00,19.5000041,93,3.9,108,47.409,,,,336.96
2025-05-20 12:30:00,19.52083636,86.4,2.1,86,47.425,,,,181.44
2025-05-20 13:00:00,19.54166818,88.6,2.4,136,47.488,,,,207.36
2025-05-20 13:30:01,19.56250494,89.8,2.3,52,47.509,,,,198.72
2025-05-20 14:00:00,19.58333736,88.7,3.9,81,47.509,,,,336.96
2025-05-20 14:30:01,19.60417129,88.2,3,42,47.509,,,,259.2
2025-05-20 15:30:00,19.64583758,88,3.9,89,47.509,,,,336.96
2025-05-20 16:00:00,19.66666898,87.5,4.4,84,47.509,,,,380.16
2025-05-20 16:30:00,19.68750024,87.3,1.5,112,47.509,,,,129.6
2025-05-20 17:30:00,19.72916996,94.7,2,95,47.77,,,,172.8
2025-05-20 18:00:01,19.75000489,95.8,2.6,79,47.784,,,,224.64
2025-05-20 18:30:00,19.77083772,95.5,1.9,75,47.787,,,,164.16
2025-05-20 19:30:00,19.81250329,93.5,0.9,106,47.847,,,,77.76
2025-05-20 20:00:00,19.83333428,95.3,1.5,95,47.876,,,,129.6
2025-05-20 20:30:00,19.85416737,95.3,2.2,90,47.899,,,,190.08
2025-05-20 21:00:01,19.87500757,95.8,1.1,57,47.899,,,,95.04
2025-05-20 21:30:01,19.89583957,94.9,1.7,96,47.899,,,,146.88
2025-05-20 22:30:00,19.9374997,95.8,2.9,54,47.965,,,,250.56
2025-05-20 23:00:00,19.95833243,96.9,2.3,47,48.176,,,,198.72
2025-05-20 23:00:01,19.95834265,96.9,2.4,45,48.176,,,,207.36
2025-05-21 00:00:00,20.00000377,98.1,3.9,13,48.467,,,,336.96
2025-05-21 00:30:00,20.02083628,99.5,2.1,19,48.482,,,,181.44
2025-05-21 01:00:00,20.0416689,99,3.8,46,48.482,,,,328.32
2025-05-21 01:30:00,20.06250108,98.2,2.4,36,48.482,,,,207.36
2025-05-21 02:00:00,20.08333222,96.7,2,77,48.482,,,,172.8
2025-05-21 02:00:01,20.08334276,96.7,1.9,73,48.482,,,,164.16
2025-05-21 02:30:01,20.1041747,96.7,1.6,65,48.482,,,,138.24
2025-05-21 03:00:01,20.12500595,95.6,2.6,63,48.482,,,,224.64
2025-05-21 03:30:00,20.14583707,95.2,1.1,46,48.482,,,,95.04
2025-05-21 04:00:00,20.16666929,95.9,1.4,46,48.482,,,,120.96
2025-05-21 04:30:00,20.18750332,97.2,3.3,15,48.482,,,,285.12
2025-05-21 05:00:00,20.20833533,97.3,2.3,51,48.482,,,,198.72
2025-05-21 05:30:00,20.22916739,96.8,1.9,62,48.482,,,,164.16
2025-05-21 05:30:01,20.22917682,96.8,1.9,62,48.482,,,,164.16
2025-05-21 06:00:01,20.25000812,97.1,1.6,55,48.482,,,,138.24
2025-05-21 06:30:01,20.27084221,98.2,1.9,44,48.482,,,,164.16
2025-05-21 07:00:01,20.29167426,99.5,2.4,44,48.482,,,,207.36
2025-05-21 07:30:01,20.31250574,100,1.1,60,48.482,,,,95.04
2025-05-21 08:00:00,20.33333771,100,2,56,48.482,,,,172.8
2025-05-21 08:30:00,20.35417098,100,2.5,30,48.482,,,,216
2025-05-21 09:00:00,20.37500326,100,1.6,35,48.482,,,,138.24
2025-05-21 09:30:00,20.39583398,100,1.3,35,48.482,,,,112.32
2025-05-21 10:00:00,20.41666626,100,1.5,14,48.482,,,,129.6
2025-05-21 10:00:01,20.41667697,100,1.5,14,48.482,,,,129.6
2025-05-21 11:00:00,20.45833261,100,2.8,1,48.482,,,,241.92
2025-05-21 11:30:00,20.47916639,100,2.6,11,48.482,,,,224.64
2025-05-21 11:30:01,20.47917583,100,2.6,11,48.482,,,,224.64
2025-05-21 12:00:01,20.5000079,100,2.6,350,48.482,,,,224.64
2025-05-21 12:30:01,20.52084099,100,3.5,19,48.482,,,,302.4
2025-05-21 13:00:01,20.54167428,100,3,32,48.482,,,,259.2
2025-05-21 14:00:00,20.58333573,100,3.8,347,48.482,,,,328.32
2025-05-21 14:30:00,20.60416882,100,2.3,6,48.482,,,,198.72
2025-05-21 15:30:00,20.64583315,99.6,1.4,346,48.483,,,,120.96
2025-05-21 15:30:01,20.6458436,99.6,1.4,346,48.483,,,,120.96
2025-05-21 16:30:01,20.68750715,97.6,2.1,5,48.483,,,,181.44
2025-05-21 17:30:00,20.72917007,95.7,1.1,353,48.487,,,,95.04
2025-05-21 18:00:00,20.75000202,96.4,1.9,311,48.518,,,,164.16
2025-05-21 18:30:00,20.77083349,93.3,0.8,7,48.533,,,,69.12
2025-05-21 18:30:01,20.7708433,93.3,0.8,7,48.533,,,,69.12
2025-05-21 19:00:01,20.79167487,90.4,2.4,353,48.533,,,,207.36
2025-05-21 19:30:01,20.81250686,89.1,1.1,314,48.533,,,,95.04
2025-05-21 20:00:01,20.83333928,87.8,3.6,8,48.533,,,,311.04
2025-05-21 21:00:00,20.87500277,87.7,1.1,332,48.533,,,,95.04
2025-05-21 22:00:00,20.91666879,91,2.3,330,48.533,,,,198.72
2025-05-21 22:30:00,20.93749989,87,3.7,4,48.533,,,,319.68
2025-05-21 23:00:01,20.95834115,88,0.3,47,48.533,,,,25.92
2025-05-22 01:00:00,21.04166592,91.3,1.2,52,48.533,,,,103.68
2025-05-22 01:00:01,21.04167634,91.3,1.2,52,48.533,,,,103.68
2025-05-22 01:30:01,21.06250845,93,2.8,345,48.533,,,,241.92
2025-05-22 02:00:01,21.08333965,92.2,0.9,330,48.537,,,,77.76
2025-05-22 02:30:00,21.10417078,93.9,1.5,4,48.559,,,,129.6
2025-05-22 03:00:00,21.12500226,94.8,1.4,0,48.584,,,,120.96
2025-05-22 03:30:00,21.14583408,95.3,0.8,239,48.604,,,,69.12
2025-05-22 03:30:01,21.1458435,95.3,0.8,239,48.604,,,,69.12
2025-05-22 04:00:01,21.16667416,96.2,0.6,308,48.604,,,,51.84
2025-05-22 05:00:00,21.20833257,94.7,0.8,21,48.604,,,,69.12
2025-05-22 05:00:01,21.20834345,94.7,0.8,21,48.604,,,,69.12
2025-05-22 05:30:01,21.22917519,95.6,2.8,351,48.604,,,,241.92
2025-05-22 06:30:00,21.27083261,98.5,0.8,343,48.604,,,,69.12
2025-05-22 07:00:01,21.2916725,99.3,1.7,350,48.604,,,,146.88
2025-05-22 07:30:01,21.31250626,99.6,4.3,4,48.604,,,,371.52
2025-05-22 08:00:00,21.33333746,97,2,348,48.604,,,,172.8
2025-05-22 08:30:00,21.35416946,96.1,1.2,345,48.604,,,,103.68
2025-05-22 09:00:00,21.37500191,95.4,0.8,345,48.604,,,,69.12
2025-05-22 09:30:00,21.3958331,95.1,0.5,353,48.604,,,,43.2
2025-05-22 09:30:01,21.39584292,95.1,0.5,353,48.604,,,,43.2
2025-05-22 10:00:01,21.41667481,95,0.6,48,48.604,,,,51.84
2025-05-22 10:30:01,21.4375064,93.8,0.7,330,48.604,,,,60.48
2025-05-22 11:00:01,21.45833887,92,2.2,358,48.604,,,,190.08
2025-05-22 11:30:00,21.47917054,91.1,1,16,48.604,,,,86.4
2025-05-22 12:00:00,21.50000264,89.1,0.8,330,48.604,,,,69.12
2025-05-22 12:30:00,21.52083341,86.9,0.9,333,48.604,,,,77.76
2025-05-22 13:00:00,21.54166846,82.9,2.4,345,48.605,,,,207.36
2025-05-22 13:30:00,21.56250148,78.1,1.3,224,48.605,,,,112.32
2025-05-22 14:00:00,21.58333275,73.5,1.1,332,48.605,,,,95.04
2025-05-22 14:00:01,21.58334295,73.5,1.1,332,48.605,,,,95.04
2025-05-22 15:00:00,21.62499892,72.3,2.6,345,48.605,,,,224.64
2025-05-22 15:00:01,21.62500977,72.3,2.6,345,48.605,,,,224.64
2025-05-22 16:00:00,21.66666913,68,3.1,2,48.605,,,,267.84
2025-05-22 16:30:00,21.68750239,66,3.4,5,48.605,,,,293.76
2025-05-22 17:00:00,21.70833753,63.9,3.4,13,48.605,,,,293.76
2025-05-22 17:30:01,21.72917547,66,3.2,26,48.605,,,,276.48
2025-05-22 18:00:01,21.75000755,64.6,2.8,15,48.605,,,,241.92
2025-05-22 18:30:01,21.77083934,62.7,1.6,72,48.606,,,,138.24
2025-05-22 19:00:01,21.79167285,62.9,3.1,9,48.606,,,,267.84
2025-05-22 19:30:01,21.81250525,63.6,4.2,15,48.606,,,,362.88
2025-05-22 20:00:00,21.83333598,59.7,1.1,40,48.606,,,,95.04
2025-05-22 20:30:00,21.85416711,56.2,2.1,45,48.606,,,,181.44
2025-05-22 20:30:01,21.85417655,56.2,2.1,45,48.606,,,,181.44
2025-05-22 21:00:01,21.87500867,55.4,3.2,22,48.606,,,,276.48
2025-05-22 21:30:01,21.89584029,55.5,3.8,23,48.606,,,,328.32
2025-05-22 23:00:00,21.9583353,57.6,1.9,20,48.606,,,,164.16
2025-05-22 23:30:01,21.97917309,58,3.7,10,48.606,,,,319.68
2025-05-23 00:00:00,22.00000442,56.8,0.7,14,48.606,,,,60.48
2025-05-23 00:30:01,22.02083954,57.6,1.6,14,48.606,,,,138.24
2025-05-23 01:00:01,22.04167215,57.4,0.6,355,48.606,,,,51.84
2025-05-23 01:30:00,22.06250435,64,0.7,226,48.606,,,,60.48
2025-05-23 02:00:00,22.08333532,67.1,0.1,11,48.606,,,,8.64
2025-05-23 02:30:00,22.10416736,71,0.1,242,48.606,,,,8.64
2025-05-23 03:00:00,22.12499882,69.8,0.2,114,48.606,,,,17.28
2025-05-23 03:00:01,22.12500811,69.8,0.2,114,48.606,,,,17.28
2025-05-23 03:30:01,22.14583885,74.6,0.4,212,48.606,,,,34.56
2025-05-23 04:00:00,22.1666696,76,0.2,101,48.606,,,,17.28
2025-05-23 04:30:00,22.18750177,73,0.7,26,48.606,,,,60.48
2025-05-23 05:00:00,22.20833423,71.4,0.5,64,48.606,,,,43.2
2025-05-23 05:30:00,22.22916563,69.4,0.1,146,48.606,,,,8.64
2025-05-23 06:00:00,22.2500013,77,0.4,182,48.606,,,,34.56
2025-05-23 06:30:00,22.27083578,78.1,0.1,22,48.606,,,,8.64
2025-05-23 07:00:00,22.29166843,84.4,0.6,35,48.606,,,,51.84
2025-05-23 07:30:00,22.31250072,84.7,0.3,210,48.606,,,,25.92
2025-05-23 08:00:00,22.33333535,87.1,0.3,192,48.606,,,,25.92
2025-05-23 08:30:00,22.35416726,90.3,1,21,48.606,,,,86.4
2025-05-23 09:00:00,22.37499878,86.4,0.5,330,48.606,,,,43.2
2025-05-23 09:00:01,22.37500826,86.4,0.5,332,48.606,,,,43.2
2025-05-23 09:30:01,22.39583967,86.5,0.2,324,48.606,,,,17.28
2025-05-23 10:00:01,22.41667249,81.9,0.6,340,48.606,,,,51.84
2025-05-23 10:30:01,22.43750467,76.1,1,45,48.606,,,,86.4
2025-05-23 11:00:00,22.45833551,71.5,1,46,48.606,,,,86.4
2025-05-23 11:30:00,22.47916663,70.5,0.4,94,48.606,,,,34.56
2025-05-23 12:00:00,22.50000014,68,0.6,86,48.606,,,,51.84
2025-05-23 12:30:00,22.52083679,67.3,1.2,80,48.606,,,,103.68
2025-05-23 13:00:01,22.5416744,63.9,1,95,48.606,,,,86.4
2025-05-23 13:30:01,22.56250817,63.9,0.5,13,48.606,,,,43.2
2025-05-23 14:30:00,22.60416647,55.1,1,74,48.606,,,,86.4
2025-05-23 15:00:00,22.62500209,54.3,0.3,221,48.606,,,,25.92
2025-05-23 15:30:00,22.64583357,51.6,0.9,227,48.606,,,,77.76
2025-05-23 15:30:01,22.64584281,51.6,1.1,217,48.606,,,,95.04
2025-05-23 17:00:00,22.7083326,52.7,4.4,38,48.606,,,,380.16
2025-05-23 17:30:01,22.72917135,49.6,3.5,43,48.606,,,,302.4
2025-05-23 18:00:00,22.75000333,54,2.2,43,48.606,,,,190.08
2025-05-23 18:30:00,22.77083573,54.4,3.2,82,48.606,,,,276.48
2025-05-23 19:00:00,22.79166693,54.1,2,119,48.606,,,,172.8
2025-05-23 19:30:00,22.81250154,57.8,1.4,63,48.606,,,,120.96
2025-05-23 21:00:01,22.87500846,61.6,3,73,48.606,,,,259.2
2025-05-23 21:30:01,22.89584102,62.6,1.2,51,48.606,,,,103.68
2025-05-23 22:00:01,22.91667476,63.3,1.9,76,48.606,,,,164.16
2025-05-23 23:00:00,22.95833719,65.3,3.4,53,48.606,,,,293.76
2025-05-23 23:30:00,22.97917052,65.1,2.2,56,48.606,,,,190.08
2025-05-24 00:00:01,23.00000845,65.3,3,55,48.606,,,,259.2
2025-05-24 00:30:01,23.02084326,65.1,2.1,67,48.606,,,,181.44
2025-05-24 01:00:01,23.04167598,65.4,1.2,69,48.606,,,,103.68
2025-05-24 01:30:01,23.06250846,67.2,1.4,118,48.606,,,,120.96
2025-05-24 02:00:01,23.08334071,69.5,0.2,69,48.606,,,,17.28
2025-05-24 02:30:01,23.10417401,69.3,0.7,62,48.606,,,,60.48
2025-05-24 03:00:01,23.12500666,70.5,0.8,90,48.606,,,,69.12
2025-05-24 03:30:01,23.14584203,72.5,1.5,134,48.606,,,,129.6
2025-05-24 04:00:01,23.16667582,73,0.5,140,48.606,,,,43.2
2025-05-24 05:00:00,23.20833279,76.2,0.1,219,48.606,,,,8.64
2025-05-24 05:00:01,23.20834264,76.2,0.1,187,48.606,,,,8.64
2025-05-24 05:30:01,23.22917547,75,0.1,158,48.606,,,,8.64
2025-05-24 06:00:01,23.25000796,73.7,0.5,229,48.606,,,,43.2
2025-05-24 06:30:01,23.27083926,78.7,0.6,242,48.606,,,,51.84
2025-05-24 07:00:01,23.29167199,80.5,0.2,193,48.606,,,,17.28
2025-05-24 07:30:01,23.31250459,82.7,0.6,2,48.606,,,,51.84
2025-05-24 08:00:00,23.33333639,83.3,0.6,334,48.606,,,,51.84
2025-05-24 08:30:00,23.35416961,86.8,0.3,320,48.606,,,,25.92
2025-05-24 09:00:00,23.37500141,87.1,1,16,48.606,,,,86.4
2025-05-24 09:30:00,23.39583336,88.2,0.6,25,48.606,,,,51.84
2025-05-24 10:00:00,23.41666778,90.2,0.1,304,48.606,,,,8.64
2025-05-24 10:30:00,23.43749945,90.8,1.1,0,48.606,,,,95.04
2025-05-24 10:30:01,23.43751023,90.8,1.1,6,48.606,,,,95.04
2025-05-24 11:00:01,23.45834131,88.5,0.8,5,48.606,,,,69.12
2025-05-24 11:30:01,23.47917273,87.6,0.1,126,48.606,,,,8.64
2025-05-24 12:00:01,23.50000552,70.2,0.7,78,48.606,,,,60.48
2025-05-24 12:30:01,23.5208387,63.8,2.1,44,48.606,,,,181.44
2025-05-24 13:00:01,23.54167188,62.8,1.4,46,48.606,,,,120.96
2025-05-24 14:00:00,23.58333642,59.3,1.1,60,48.606,,,,95.04
2025-05-24 14:30:00,23.60417014,58.5,0.4,4,48.606,,,,34.56
2025-05-24 15:30:00,23.6458334,57.8,1.6,69,48.606,,,,138.24
2025-05-24 15:30:01,23.64584332,57.8,1.4,63,48.606,,,,120.96
2025-05-24 16:30:00,23.68750222,55.5,1.8,48,48.606,,,,155.52
2025-05-24 17:00:00,23.7083346,57,2.3,72,48.606,,,,198.72
2025-05-24 17:30:00,23.72916558,55.4,1.7,155,48.606,,,,146.88
2025-05-24 17:30:01,23.72917614,55.4,1.5,171,48.606,,,,129.6
2025-05-24 18:30:00,23.77083583,54.3,2.6,30,48.606,,,,224.64
2025-05-24 19:00:00,23.79166886,52.8,2.1,94,48.606,,,,181.44
2025-05-24 19:30:00,23.81250445,52.9,3.1,44,48.606,,,,267.84
2025-05-24 20:00:01,23.83334104,51.5,3.2,61,48.606,,,,276.48
2025-05-24 20:30:01,23.85417299,52.8,2.1,37,48.606,,,,181.44
2025-05-24 21:00:00,23.87500389,56,3.2,51,48.606,,,,276.48
2025-05-24 21:30:00,23.89583521,56.7,4.2,46,48.606,,,,362.88
2025-05-24 22:00:01,23.91667667,55.9,2.7,74,48.606,,,,233.28
2025-05-24 23:00:00,23.95833334,59.1,1.8,63,48.606,,,,155.52
2025-05-24 23:30:00,23.97916833,61.7,2.2,51,48.606,,,,190.08
2025-05-25 00:00:00,24.00000269,64.4,2.3,17,48.606,,,,198.72
2025-05-25 00:30:01,24.02084046,66,0.7,103,48.606,,,,60.48
2025-05-25 01:00:01,24.04167179,66.5,1.7,77,48.606,,,,146.88
2025-05-25 01:30:00,24.06250364,66.1,1.8,48,48.606,,,,155.52
2025-05-25 02:00:00,24.08333574,63.6,1.2,72,48.606,,,,103.68
2025-05-25 02:30:00,24.10416888,65.4,2.2,71,48.606,,,,190.08
2025-05-25 03:00:00,24.12500004,62.8,2.2,40,48.606,,,,190.08
2025-05-25 03:30:00,24.14583211,59.8,2,61,48.606,,,,172.8
2025-05-25 03:30:01,24.14584196,59.8,1.8,57,48.606,,,,155.52
2025-05-25 04:00:01,24.16667554,58.2,0.8,51,48.606,,,,69.12
2025-05-25 04:30:01,24.18750794,57.6,1,47,48.606,,,,86.4
2025-05-25 05:00:01,24.20833996,57.1,1,27,48.606,,,,86.4
2025-05-25 05:30:01,24.22917492,54.5,1.1,106,48.606,,,,95.04
2025-05-25 06:00:01,24.25000695,54.3,1.1,151,48.606,,,,95.04
2025-05-25 06:30:01,24.27083914,56.2,1.2,43,48.606,,,,103.68
2025-05-25 07:00:01,24.29167198,57,0.4,26,48.606,,,,34.56
2025-05-25 07:30:01,24.31250478,70.4,1.2,45,48.615,,,,103.68
2025-05-25 08:00:00,24.33333681,72.6,0.7,144,48.615,,,,60.48
2025-05-25 08:30:00,24.35416857,73.8,0.7,10,48.615,,,,60.48
2025-05-25 09:00:00,24.37500192,77.2,0.9,22,48.615,,,,77.76
2025-05-25 09:30:00,24.39583414,74.1,1.1,21,48.615,,,,95.04
2025-05-25 10:00:00,24.41666782,69.8,0.5,58,48.616,,,,43.2
2025-05-25 10:30:00,24.43749896,75.6,1.8,35,48.616,,,,155.52
2025-05-25 10:30:01,24.4375097,75.6,1.7,31,48.616,,,,146.88
2025-05-25 11:00:01,24.45834089,73.1,1,19,48.616,,,,86.4
2025-05-25 11:30:01,24.47917198,70.7,1.8,71,48.616,,,,155.52
2025-05-25 12:00:00,24.50000312,76.6,0.3,34,48.618,,,,25.92
2025-05-25 12:30:00,24.52083516,71.8,1.2,58,48.618,,,,103.68
2025-05-25 13:30:01,24.56250496,74.2,0.6,72,48.618,,,,51.84
2025-05-25 14:00:00,24.58333685,73.1,1.6,12,48.618,,,,138.24
2025-05-25 14:30:00,24.60416944,74,1.7,28,48.618,,,,146.88
2025-05-25 15:00:00,24.62500155,68.8,0.3,352,48.618,,,,25.92
2025-05-25 15:30:00,24.64583444,62.2,1.1,58,48.618,,,,95.04
2025-05-25 16:00:00,24.66667063,62.2,1.3,47,48.618,,,,112.32
2025-05-25 16:30:00,24.68750419,59.7,2.1,47,48.618,,,,181.44
2025-05-25 17:00:00,24.70833702,54.5,3,52,48.618,,,,259.2
2025-05-25 17:30:00,24.72916904,49.1,2.9,44,48.618,,,,250.56
2025-05-25 18:00:00,24.75000032,48.9,3.2,94,48.618,,,,276.48
2025-05-25 18:30:00,24.77083404,47,2.3,85,48.618,,,,198.72
2025-05-25 19:00:00,24.79166597,46.7,3.1,16,48.618,,,,267.84
2025-05-25 19:00:01,24.79167639,46.7,3,12,48.618,,,,259.2
2025-05-25 20:00:00,24.83333524,43.7,2.9,98,48.618,,,,250.56
2025-05-25 20:30:00,24.85417015,42.5,2,42,48.618,,,,172.8
2025-05-25 21:00:00,24.87500231,39.9,2.5,51,48.618,,,,216
2025-05-25 21:30:00,24.89583363,42.1,3.3,93,48.618,,,,285.12
2025-05-25 21:30:01,24.8958434,42.1,3.4,94,48.618,,,,293.76
2025-05-25 22:00:01,24.91667496,41.9,1.7,92,48.618,,,,146.88
2025-05-25 22:30:01,24.93750782,41.9,1.9,64,48.618,,,,164.16
2025-05-25 23:00:01,24.95834104,44.1,2.1,92,48.618,,,,181.44
2025-05-25 23:30:01,24.97917254,44.6,2.1,48,48.618,,,,181.44
2025-05-26 00:00:00,25.00000428,50.6,2.4,48,48.618,,,,207.36
2025-05-26 00:30:00,25.02083717,54.8,0.6,75,48.618,,,,51.84
2025-05-26 01:00:00,25.04166891,59.1,0.9,50,48.618,,,,77.76
2025-05-26 01:30:00,25.06250007,63.2,1.3,9,48.618,,,,112.32
2025-05-26 02:00:00,25.08333273,64.4,0.7,38,48.618,,,,60.48
2025-05-26 02:00:01,25.08334329,64.4,0.7,38,48.618,,,,60.48
2025-05-26 02:30:01,25.10417677,68.7,1.5,39,48.618,,,,129.6
2025-05-26 03:00:01,25.12501032,74.4,1.2,327,48.618,,,,103.68
2025-05-26 03:30:01,25.1458426,75.4,0.6,346,48.618,,,,51.84
2025-05-26 04:00:01,25.16667433,71,1,2,48.618,,,,86.4
2025-05-26 04:30:01,25.18750856,71.7,1.1,341,48.618,,,,95.04
2025-05-26 05:00:01,25.20834192,72.9,1.4,334,48.618,,,,120.96
2025-05-26 05:30:01,25.22917377,75,1.2,328,48.618,,,,103.68
2025-05-26 06:00:01,25.25000556,75.9,1.2,354,48.618,,,,103.68
2025-05-26 06:30:01,25.27083795,76.3,1,313,48.618,,,,86.4
2025-05-26 07:00:00,25.29167005,78.3,1.1,6,48.618,,,,95.04
2025-05-26 07:30:00,25.31250451,80.3,1.5,345,48.618,,,,129.6
2025-05-26 08:00:00,25.33333679,83.4,1.3,3,48.618,,,,112.32
2025-05-26 08:30:00,25.35416903,83.9,1.5,22,48.618,,,,129.6
2025-05-26 09:00:00,25.37500099,78.3,1.9,26,48.618,,,,164.16
2025-05-26 09:30:00,25.39583218,71.4,3.1,17,48.618,,,,267.84
2025-05-26 09:30:01,25.39584165,71.4,3.1,17,48.618,,,,267.84
2025-05-26 10:00:01,25.41667351,70,1.8,29,48.618,,,,155.52
2025-05-26 10:30:01,25.43750748,69.4,2.2,0,48.618,,,,190.08
2025-05-26 11:00:01,25.45833962,71.1,0.9,354,48.618,,,,77.76
2025-05-26 11:30:00,25.47917054,74,1.5,356,48.618,,,,129.6
2025-05-26 12:00:00,25.5000021,73.5,2.2,18,48.618,,,,190.08
2025-05-26 12:30:00,25.52083324,70.8,1.6,58,48.618,,,,138.24
2025-05-26 13:00:00,25.54167004,70.6,3,49,48.618,,,,259.2
2025-05-26 13:30:00,25.56250207,70.2,3.1,16,48.618,,,,267.84
2025-05-26 14:00:00,25.58333359,68,2.3,345,48.618,,,,198.72
2025-05-26 14:00:01,25.58334313,68,2.3,345,48.618,,,,198.72
2025-05-26 14:30:01,25.60417497,66.3,2.3,38,48.618,,,,198.72
2025-05-26 15:00:01,25.62500656,67.4,1,353,48.618,,,,86.4
2025-05-26 15:30:01,25.64584063,65,3.4,30,48.618,,,,293.76
2025-05-26 16:00:01,25.66667433,66.5,3.4,46,48.618,,,,293.76
2025-05-26 17:00:00,25.70833292,63.6,4.4,16,48.618,,,,380.16
2025-05-26 17:00:01,25.70834332,63.6,4.4,16,48.618,,,,380.16
2025-05-26 17:30:01,25.72917527,62.2,3.1,44,48.618,,,,267.84
2025-05-26 18:00:01,25.75000732,63,4.6,40,48.618,,,,397.44
2025-05-26 19:00:01,25.79167194,58,3.3,43,48.618,,,,285.12
2025-05-26 19:30:01,25.81250487,57.1,3.7,35,48.618,,,,319.68
2025-05-26 20:00:01,25.83334107,54.5,3.4,23,48.618,,,,293.76
2025-05-26 20:30:01,25.85417338,52.6,1.3,30,48.618,,,,112.32
2025-05-26 21:30:01,25.89583936,50.1,4.5,33,48.618,,,,388.8
2025-05-26 22:00:01,25.91667178,51.5,5,32,48.618,,,,432
2025-05-26 22:30:01,25.93750475,54.4,2.1,101,48.618,,,,181.44
2025-05-26 23:00:01,25.95833972,55.5,4.4,4,48.618,,,,380.16
2025-05-26 23:30:01,25.9791753,57.2,1.5,48,48.618,,,,129.6
2025-05-27 00:30:00,26.02083216,59.7,2.1,88,48.618,,,,181.44
2025-05-27 00:30:01,26.02084215,59.7,2.1,88,48.618,,,,181.44
2025-05-27 01:00:01,26.04167408,61.5,1.7,46,48.618,,,,146.88
2025-05-27 01:30:00,26.06250453,63.1,1,17,48.618,,,,86.4
2025-05-27 02:00:00,26.08333583,62.8,1.8,15,48.618,,,,155.52
2025-05-27 02:30:00,26.10416642,61.8,2.3,0,48.618,,,,198.72
2025-05-27 02:30:01,26.10417677,61.8,2.3,0,48.618,,,,198.72
2025-05-27 03:00:01,26.12500783,62.3,3.4,64,48.618,,,,293.76
2025-05-27 03:30:01,26.14584088,63,3.1,13,48.618,,,,267.84
2025-05-27 04:00:01,26.16667371,62.5,1.7,14,48.618,,,,146.88
2025-05-27 04:30:01,26.1875061,61,1.7,33,48.618,,,,146.88
2025-05-27 05:00:01,26.20833794,59.8,1.9,51,48.618,,,,164.16
2025-05-27 05:30:00,26.22917059,59,1.7,27,48.618,,,,146.88
2025-05-27 06:00:00,26.25000229,59.5,1.6,15,48.618,,,,138.24
2025-05-27 06:30:00,26.27083354,59.8,1.1,39,48.618,,,,95.04
2025-05-27 07:00:00,26.29166679,64,2,55,48.618,,,,172.8
2025-05-27 07:00:01,26.29167641,64,2,55,48.618,,,,172.8
2025-05-27 07:30:01,26.31250936,67.9,1.8,4,48.618,,,,155.52
2025-05-27 08:00:01,26.33334183,70.5,0.4,31,48.618,,,,34.56
2025-05-27 08:30:01,26.35417436,71.9,0.8,21,48.618,,,,69.12
2025-05-27 09:00:01,26.37500753,71.3,1.8,46,48.618,,,,155.52
2025-05-27 10:00:01,26.41667255,74.2,1.1,63,48.618,,,,95.04
2025-05-27 10:30:00,26.43750383,75.4,1.2,50,48.618,,,,103.68
2025-05-27 11:00:00,26.45833557,73.1,2,40,48.618,,,,172.8
2025-05-27 11:30:00,26.47916752,68.3,0.8,45,48.618,,,,69.12
2025-05-27 12:00:00,26.49999902,66.7,1.9,33,48.618,,,,164.16
2025-05-27 12:00:01,26.5000088,66.7,1.9,33,48.618,,,,164.16
2025-05-27 13:00:01,26.54167627,62.8,1.5,11,48.618,,,,129.6
2025-05-27 14:00:00,26.58333331,61.8,4,4,48.618,,,,345.6
2025-05-27 14:30:01,26.60417166,61.2,1.5,40,48.618,,,,129.6
2025-05-27 15:30:00,26.64583305,65.4,2.5,39,48.618,,,,216
2025-05-27 16:00:00,26.66666552,67,2.2,43,48.618,,,,190.08
2025-05-27 16:30:01,26.68750771,66.1,2.6,45,48.618,,,,224.64
2025-05-27 17:30:00,26.72916877,57.4,2.6,37,48.618,,,,224.64
2025-05-27 18:30:00,26.77083336,52.1,3.3,43,48.618,,,,285.12
2025-05-27 19:00:00,26.79167095,53.2,4.5,12,48.618,,,,388.8
2025-05-27 19:30:00,26.81250432,55.7,3.6,11,48.618,,,,311.04
2025-05-27 20:00:00,26.83333606,53.7,3.8,51,48.618,,,,328.32
2025-05-27 20:30:00,26.85416788,51.6,2.3,2,48.618,,,,198.72
2025-05-27 21:00:00,26.87499914,54.1,1.4,0,48.618,,,,120.96
2025-05-27 21:00:01,26.87500857,54.1,1.3,13,48.618,,,,112.32
2025-05-27 21:30:01,26.89584109,54.6,3.7,11,48.618,,,,319.68
2025-05-27 22:00:01,26.91667665,57.7,4.8,9,48.618,,,,414.72
2025-05-27 22:30:01,26.93750805,57.4,3.1,18,48.618,,,,267.84
2025-05-27 23:00:01,26.95834032,59.4,1.5,23,48.618,,,,129.6
2025-05-27 23:30:01,26.97917236,61.6,3.1,8,48.618,,,,267.84
2025-05-28 00:00:00,27.00000425,59.5,3.9,350,48.618,,,,336.96
2025-05-28 00:30:00,27.02083563,60.5,2.5,1,48.618,,,,216
2025-05-28 01:00:00,27.04167106,59.8,2.2,37,48.618,,,,190.08
2025-05-28 01:30:00,27.06250326,60.5,2.8,13,48.618,,,,241.92
2025-05-28 02:00:00,27.08333474,59.7,1.5,5,48.618,,,,129.6
2025-05-28 02:30:00,27.10416597,59.8,2.5,0,48.618,,,,216
2025-05-28 02:30:01,27.10417633,59.8,2.4,357,48.618,,,,207.36
2025-05-28 03:00:01,27.12500767,61,1.4,23,48.618,,,,120.96
2025-05-28 03:30:01,27.14583968,61.5,0.8,75,48.618,,,,69.12
2025-05-28 04:00:01,27.16667183,64.4,0.8,53,48.618,,,,69.12
2025-05-28 04:30:01,27.18750856,65.9,1.1,32,48.618,,,,95.04
2025-05-28 05:00:01,27.20834089,68.6,2,12,48.618,,,,172.8
2025-05-28 05:30:01,27.2291724,69.9,1,3,48.618,,,,86.4
2025-05-28 06:00:00,27.25000389,71.6,0.9,22,48.618,,,,77.76
2025-05-28 06:30:00,27.27083557,73.3,1.2,12,48.618,,,,103.68
2025-05-28 07:00:00,27.29166747,75.2,0.8,6,48.618,,,,69.12
2025-05-28 07:30:00,27.31249941,75.9,1.2,340,48.618,,,,103.68
2025-05-28 07:30:01,27.31250942,75.9,1.1,344,48.618,,,,95.04
2025-05-28 08:00:01,27.33334305,76.9,1.4,13,48.618,,,,120.96
2025-05-28 08:30:01,27.35417438,77.8,1,348,48.618,,,,86.4
2025-05-28 09:00:01,27.37500713,76.1,0.8,358,48.618,,,,69.12
2025-05-28 09:30:01,27.39584042,75.2,0.7,75,48.618,,,,60.48
2025-05-28 10:00:01,27.41667157,76,1.7,31,48.632,,,,146.88
2025-05-28 10:30:00,27.43750354,80.3,0.5,29,48.64,,,,43.2
2025-05-28 11:00:00,27.45833584,84.5,0.9,14,48.681,,,,77.76
2025-05-28 11:30:00,27.47916792,84.1,0.8,348,48.684,,,,69.12
2025-05-28 12:00:00,27.49999893,83.4,1.3,341,48.684,,,,112.32
2025-05-28 12:00:01,27.50000879,83.4,1.3,338,48.684,,,,112.32
2025-05-28 13:00:00,27.54166604,85.7,0.7,331,48.754,,,,60.48
2025-05-28 13:00:01,27.54167658,85.7,0.7,327,48.754,,,,60.48
2025-05-28 13:30:01,27.56250801,86.9,0.9,251,48.822,,,,77.76
2025-05-28 14:30:00,27.60416644,93.2,0.7,228,49.138,,,,60.48
2025-05-28 15:00:00,27.62499954,95.4,2.3,10,49.394,,,,198.72
2025-05-28 15:30:00,27.64583639,96.3,1.5,340,49.728,,,,129.6
2025-05-28 16:00:01,27.6666715,95.3,4.2,28,49.884,,,,362.88
2025-05-28 17:00:00,27.70833274,88.1,2.9,24,49.904,,,,250.56
2025-05-28 17:00:01,27.70834322,88.1,3.3,22,49.904,,,,285.12
2025-05-28 17:30:01,27.72917626,82.2,3.7,32,49.904,,,,319.68
2025-05-28 18:30:00,27.77083426,79.9,4.2,10,49.904,,,,362.88
2025-05-28 19:00:00,27.79166925,75.8,2.5,28,49.904,,,,216
2025-05-28 19:30:00,27.81250399,77.3,3.8,34,49.904,,,,328.32
2025-05-28 20:00:01,27.83333936,75.9,3,45,49.904,,,,259.2
2025-05-28 21:00:00,27.8750031,83.1,3.1,2,49.904,,,,267.84
2025-05-28 21:30:01,27.89583863,81.8,1.5,341,49.904,,,,129.6
2025-05-28 22:00:01,27.91667532,82.2,1.4,12,49.904,,,,120.96
2025-05-28 22:30:01,27.93750756,83.2,2.9,10,49.904,,,,250.56
2025-05-28 23:00:01,27.95833921,85.3,1.7,51,49.904,,,,146.88
2025-05-28 23:30:01,27.9791735,86.4,2.9,7,49.904,,,,250.56
2025-05-29 00:00:01,28.00000681,88.6,1.3,349,49.904,,,,112.32
2025-05-29 00:30:01,28.02083882,89.3,2.6,35,49.904,,,,224.64
2025-05-29 01:00:00,28.04167043,90.3,1.3,18,49.904,,,,112.32
2025-05-29 01:30:00,28.06250377,92.2,1.8,11,49.904,,,,155.52
2025-05-29 02:00:01,28.08333881,94.5,2,327,49.904,,,,172.8
2025-05-29 02:30:00,28.10417007,94.2,1.4,39,49.904,,,,120.96
2025-05-29 03:00:00,28.12500195,93.4,1.2,347,49.904,,,,103.68
2025-05-29 03:30:00,28.1458353,92.5,3,23,49.904,,,,259.2
2025-05-29 04:00:00,28.16666953,92.9,0.8,17,49.904,,,,69.12
2025-05-29 04:30:00,28.1875012,92.2,1.3,21,49.904,,,,112.32
2025-05-29 05:00:00,28.20833229,92,0.3,243,49.904,,,,25.92
2025-05-29 05:00:01,28.2083424,92,0.3,277,49.904,,,,25.92
2025-05-29 05:30:01,28.2291761,91.2,0.8,201,49.904,,,,69.12
2025-05-29 06:00:01,28.25000845,91.1,1.1,204,49.904,,,,95.04
2025-05-29 06:30:01,28.27084024,89.2,1.6,220,49.904,,,,138.24
2025-05-29 07:00:01,28.2916713,86.9,0.6,253,49.904,,,,51.84
2025-05-29 07:30:00,28.31250394,87.1,0.9,197,49.904,,,,77.76
2025-05-29 08:00:00,28.33333551,86.9,1.7,246,49.904,,,,146.88
2025-05-29 08:30:00,28.35416695,87.7,1.6,210,49.904,,,,138.24
2025-05-29 09:00:00,28.37499981,90.3,0.3,276,49.904,,,,25.92
2025-05-29 09:00:01,28.37500969,90.3,0.3,284,49.904,,,,25.92
2025-05-29 10:00:00,28.41666665,93.1,1.2,264,49.904,,,,103.68
2025-05-29 10:00:01,28.41667683,93.1,1.2,262,49.904,,,,103.68
2025-05-29 10:30:01,28.43750888,93.2,0.7,24,49.904,,,,60.48
2025-05-29 11:00:01,28.45834234,93.9,0.9,238,49.904,,,,77.76
2025-05-29 11:30:01,28.47917392,93.3,1.1,267,49.904,,,,95.04
2025-05-29 12:00:01,28.50000507,91.7,2.1,241,49.904,,,,181.44
2025-05-29 13:00:00,28.54167021,86.8,2.7,271,49.904,,,,233.28
2025-05-29 13:30:01,28.5625081,83.5,2.3,264,49.904,,,,198.72
2025-05-29 14:00:01,28.58334048,81.4,2.3,258,49.904,,,,198.72
2025-05-29 15:00:01,28.62500621,70.8,2.3,248,49.904,,,,198.72
2025-05-29 16:00:01,28.6666724,58.3,0.7,260,49.904,,,,60.48
2025-05-29 16:30:01,28.68750469,50.9,3.2,260,49.904,,,,276.48
2025-05-29 17:00:01,28.70833876,49.1,0.7,291,49.904,,,,60.48
2025-05-29 18:00:00,28.75000398,45.4,2.5,245,49.904,,,,216
2025-05-29 18:30:00,28.77083668,46.2,0.4,294,49.904,,,,34.56
2025-05-29 19:00:00,28.79166999,54.7,3.1,47,49.904,,,,267.84
2025-05-29 19:30:01,28.8125064,56.7,0.9,62,49.904,,,,77.76
2025-05-29 20:00:01,28.83333822,58.3,2.6,156,49.904,,,,224.64
2025-05-29 20:30:00,28.85416955,54.5,1.2,90,49.904,,,,103.68
2025-05-29 21:00:00,28.87500186,51.6,0.7,38,49.904,,,,60.48
2025-05-29 21:30:00,28.89583408,48.7,0.4,8,49.904,,,,34.56
2025-05-29 22:00:00,28.91666605,48.8,1.4,34,49.904,,,,120.96
2025-05-29 22:00:01,28.9166763,48.8,1.6,26,49.904,,,,138.24
2025-05-29 22:30:01,28.93750763,49.9,0.8,96,49.904,,,,69.12
2025-05-29 23:00:01,28.95833971,53.5,2.3,42,49.904,,,,198.72
2025-05-29 23:30:01,28.97917183,54.4,1.4,82,49.904,,,,120.96
2025-05-30 00:00:01,29.0000053,51.6,1.5,172,49.904,,,,129.6
2025-05-30 00:30:00,29.02083711,53.5,0.7,59,49.904,,,,60.48
2025-05-30 01:00:00,29.04166926,59.1,1.5,18,49.904,,,,129.6
2025-05-30 01:30:00,29.06250042,67.9,1.2,104,49.904,,,,103.68
2025-05-30 01:30:01,29.06251005,67.9,1.3,104,49.904,,,,112.32
2025-05-30 02:00:01,29.08334113,71.4,1.3,50,49.904,,,,112.32
2025-05-30 02:30:01,29.1041723,76.4,1.4,33,49.904,,,,120.96
2025-05-30 03:00:01,29.12500541,78.5,1,50,49.904,,,,86.4
2025-05-30 03:30:01,29.14583961,79.5,0.2,66,49.904,,,,17.28
2025-05-30 04:00:00,29.16667052,81.4,1.2,355,49.904,,,,103.68
2025-05-30 04:30:00,29.18750264,84.5,0.1,235,49.904,,,,8.64
2025-05-30 05:00:00,29.2083347,87.5,1.2,20,49.904,,,,103.68
2025-05-30 05:30:00,29.22916877,87.6,0.2,245,49.904,,,,17.28
2025-05-30 06:00:00,29.24999986,90.4,0.5,159,49.904,,,,43.2
2025-05-30 06:00:01,29.25000952,90.4,0.5,158,49.904,,,,43.2
2025-05-30 06:30:01,29.27084168,88,0.6,236,49.904,,,,51.84
2025-05-30 07:00:01,29.29167267,88.7,0.4,191,49.904,,,,34.56
2025-05-30 07:30:01,29.31250492,91.1,0.4,4,49.904,,,,34.56
2025-05-30 08:00:00,29.33333623,89.3,0.2,238,49.904,,,,17.28
2025-05-30 08:30:00,29.35416923,89,1.1,332,49.904,,,,95.04
2025-05-30 09:00:00,29.37500021,85,1.2,269,49.904,,,,103.68
2025-05-30 09:00:01,29.37500987,85,1.1,268,49.904,,,,95.04
2025-05-30 09:30:01,29.39584123,84.6,0.9,252,49.904,,,,77.76
2025-05-30 10:00:01,29.41667215,84.7,1.4,254,49.904,,,,120.96
2025-05-30 10:30:00,29.43750434,85.8,0.5,162,49.904,,,,43.2
2025-05-30 11:00:00,29.45833656,83.6,1.4,258,49.904,,,,120.96
2025-05-30 11:30:00,29.47916807,78.9,0.6,206,49.904,,,,51.84
2025-05-30 12:00:00,29.49999973,73.3,1.5,247,49.904,,,,129.6
2025-05-30 12:00:01,29.50000974,73.3,1.6,251,49.904,,,,138.24
2025-05-30 12:30:01,29.52084181,65.9,0.5,210,49.904,,,,43.2
2025-05-30 13:00:01,29.5416735,59.2,1.4,339,49.904,,,,120.96
2025-05-30 13:30:01,29.56250474,55.6,2,254,49.904,,,,172.8
2025-05-30 14:00:00,29.58333697,50.1,1.2,268,49.904,,,,103.68
2025-05-30 14:30:00,29.6041693,49,3.5,255,49.904,,,,302.4
2025-05-30 15:00:00,29.62500104,45.1,1.9,249,49.904,,,,164.16
2025-05-30 15:30:00,29.64583238,44.5,2.7,340,49.904,,,,233.28
2025-05-30 15:30:01,29.64584206,44.5,2.6,342,49.904,,,,224.64
2025-05-30 16:00:01,29.66667352,44.1,4.8,260,49.904,,,,414.72
2025-05-30 16:30:01,29.68750527,41.2,2.9,338,49.904,,,,250.56
2025-05-30 17:00:00,29.70833645,43.2,2.7,272,49.904,,,,233.28
2025-05-30 17:30:00,29.72916758,44.1,2.1,255,49.904,,,,181.44
2025-05-30 18:00:00,29.74999901,45.5,0.9,237,49.904,,,,77.76
2025-05-30 18:30:00,29.77083272,47.5,3.2,254,49.904,,,,276.48
2025-05-30 19:00:00,29.79166596,44.4,2.6,259,49.904,,,,224.64
2025-05-30 19:00:01,29.79167559,44.4,2.5,260,49.904,,,,216
2025-05-30 19:30:01,29.81250849,40.2,5.1,272,49.904,,,,440.64
2025-05-30 20:00:01,29.83333997,44.6,2,231,49.904,,,,172.8
2025-05-30 20:30:00,29.85417001,46.9,2.6,249,49.904,,,,224.64
2025-05-30 21:00:00,29.87500212,49,1.6,254,49.908,,,,138.24
2025-05-30 21:30:00,29.89583331,49.2,1.4,18,49.908,,,,120.96
2025-05-30 21:30:01,29.89584319,49.2,1.2,19,49.908,,,,103.68
2025-05-30 22:00:01,29.9166745,51.5,1.1,333,49.913,,,,95.04
2025-05-30 22:30:01,29.93750721,51.3,1.1,236,49.913,,,,95.04
2025-05-30 23:00:01,29.95833846,49,1,260,49.913,,,,86.4
2025-05-30 23:30:00,29.97916962,47.1,1.4,255,49.913,,,,120.96
2025-05-31 00:00:00,30.00000162,44.5,1.7,261,49.913,,,,146.88
2025-05-31 00:30:00,30.02083381,42.8,3.2,271,49.913,,,,276.48
2025-05-31 00:30:01,30.02084308,42.8,3.2,271,49.913,,,,276.48
2025-05-31 01:00:01,30.04167428,42.1,1.2,341,49.913,,,,103.68
2025-05-31 01:30:01,30.0625059,42.9,0.6,349,49.913,,,,51.84
2025-05-31 02:00:00,30.08333696,61.9,5.3,13,49.914,,,,457.92
2025-05-31 02:30:00,30.10416803,61.8,1.5,261,49.914,,,,129.6
2025-05-31 03:00:00,30.12499934,61.4,1.7,347,49.914,,,,146.88
2025-05-31 03:00:01,30.12500859,61.4,1.7,347,49.914,,,,146.88
2025-05-31 03:30:01,30.14583974,68.5,2.4,9,49.914,,,,207.36
2025-05-31 04:00:01,30.16667337,69.3,0.9,4,49.914,,,,77.76
2025-05-31 04:30:01,30.18750495,71.6,1.6,247,49.914,,,,138.24
2025-05-31 05:00:00,30.20833614,72.5,1,269,49.914,,,,86.4
2025-05-31 05:30:00,30.22916748,73.8,0.6,9,49.914,,,,51.84
2025-05-31 05:30:01,30.22917678,73.8,0.6,9,49.914,,,,51.84
2025-05-31 06:00:01,30.25000792,64.5,4.2,9,49.914,,,,362.88
2025-05-31 06:30:01,30.27083905,65,3.7,358,49.914,,,,319.68
2025-05-31 07:00:00,30.29167047,64.3,1.5,12,49.914,,,,129.6
2025-05-31 07:30:00,30.31250267,65.7,3.9,11,49.914,,,,336.96
2025-05-31 08:00:00,30.33333477,68.9,2.5,26,49.914,,,,216
2025-05-31 08:30:00,30.35416679,69.8,3.5,17,49.914,,,,302.4
2025-05-31 08:30:01,30.35417604,69.8,3.5,17,49.914,,,,302.4
2025-05-31 09:00:01,30.37500631,71,1.5,336,49.914,,,,129.6
2025-05-31 09:30:01,30.3958385,73.7,1.3,3,49.914,,,,112.32
2025-05-31 10:00:00,30.41666956,73,0.7,341,49.914,,,,60.48
2025-05-31 10:30:00,30.43750098,68.5,3.2,4,49.914,,,,276.48
2025-05-31 11:00:00,30.45833306,72.3,1.9,36,49.914,,,,164.16
2025-05-31 11:30:00,30.479166,72.6,2.8,355,49.914,,,,241.92
2025-05-31 11:30:01,30.47917563,72.6,2.8,355,49.914,,,,241.92
2025-05-31 12:00:01,30.50000767,72.6,2.7,12,49.914,,,,233.28
2025-05-31 12:30:01,30.52083973,73.7,2.6,58,49.914,,,,224.64
2025-05-31 13:00:00,30.54167103,73.1,4,14,49.914,,,,345.6
2025-05-31 14:00:00,30.58333294,73.7,2.9,17,49.914,,,,250.56
2025-05-31 14:30:00,30.60416644,71.4,2.2,2,49.914,,,,190.08
2025-05-31 14:30:01,30.60417651,71.4,2.2,2,49.914,,,,190.08
2025-05-31 15:00:01,30.62500734,68.3,3.9,357,49.914,,,,336.96
2025-05-31 15:30:01,30.64583873,65.8,2.5,357,49.914,,,,216
2025-05-31 16:00:01,30.66667517,58.7,4.6,15,49.914,,,,397.44
2025-05-31 16:30:01,30.68750759,62.4,2.7,30,49.914,,,,233.28
2025-05-31 17:00:01,30.70833937,67.3,2.5,28,49.914,,,,216
2025-05-31 17:30:00,30.72917047,61.4,4.8,38,49.914,,,,414.72
2025-05-31 18:00:00,30.75000273,57.7,1.9,31,49.914,,,,164.16
2025-05-31 18:30:00,30.77083485,57.8,2.8,350,49.914,,,,241.92
2025-05-31 19:00:00,30.79166613,53.5,3.4,42,49.914,,,,293.76
2025-05-31 19:00:01,30.79167575,53.5,3.4,42,49.914,,,,293.76
2025-05-31 19:30:01,30.8125083,49.3,3.7,13,49.914,,,,319.68
2025-05-31 20:00:01,30.83333979,47.4,2.9,9,49.914,,,,250.56
2025-05-31 20:30:01,30.85417464,44.4,4.6,8,49.914,,,,397.44
2025-05-31 21:00:01,30.87500666,41.6,2.4,43,49.914,,,,207.36
2025-05-31 21:30:01,30.89583892,38.7,2.4,36,49.914,,,,207.36
2025-05-31 22:00:00,30.91667024,36.2,3.7,66,49.914,,,,319.68
2025-05-31 22:30:00,30.93750128,34.2,3,10,49.914,,,,259.2
2025-05-31 23:00:00,30.95833264,35.9,0.7,63,49.914,,,,60.48
2025-05-31 23:00:01,30.95834206,35.9,0.7,63,49.914,,,,60.48
2025-05-31 23:30:01,30.97917384,36.3,4,52,49.914,,,,345.6
2025-06-01 00:00:01,31.00000697,37.2,2.3,48,49.914,,,,198.72
